x_value,tick,FL0_torque,FR0_torque,RL0_torque,RR0_torque,FL1_torque,FR1_torque,RL1_torque,RR1_torque,FL2_torque,FR2_torque,RL2_torque,RR2_torque,FL0_pos,FR0_pos,RL0_pos,RR0_pos,FL1_pos,FR1_pos,RL1_pos,RR1_pos,FL2_pos,FR2_pos,RL2_pos,RR2_pos
-0.2,1994997,-2.98046875,0.8359375,0.27734375,5.4375,5.23828125,5.36328125,-2.7890625,-3.78515625,21.25,11.640625,9.4921875,10.3515625,0.06420005857944489,-0.07524218410253525,-0.020255515351891518,0.012945311143994331,0.7677519917488098,0.7634841203689575,0.9923756718635559,1.0015182495117188,-1.7083344459533691,-1.6989001035690308,-1.4935767650604248,-1.4797708988189697
0.0,1995047,-6.12109375,-2.76171875,2.171875,9.69140625,11.1875,-2.26953125,1.59375,-3.2890625,22.578125,-0.1953125,2.4609375,9.84375,0.061811093240976334,-0.1209859699010849,-0.019018126651644707,0.020891400054097176,0.782866358757019,0.7468780875205994,1.0199981927871704,1.0195317268371582,-1.7272024154663086,-1.731842279434204,-1.512061357498169,-1.491774320602417
0.0,1995098,-8.109375,-1.48828125,3.4765625,8.23046875,10.69921875,-2.65234375,-2.5234375,-5.234375,21.3671875,-0.15625,0.390625,13.0859375,0.07036974281072617,-0.1796206682920456,-0.005393431521952152,0.02980930730700493,0.8203660249710083,0.6828362941741943,1.0733057260513306,1.0702730417251587,-1.7291582822799683,-1.7303849458694458,-1.5441597700119019,-1.5167014598846436
0.2,1995149,-9.1328125,-1.70703125,1.86328125,8.66796875,9.34765625,-2.1875,0.21484375,-7.5859375,22.421875,-0.4296875,-0.9375,14.140625,0.079236701130867,-0.21282759308815002,0.018660826608538628,0.03726157918572426,0.8594226241111755,0.607055127620697,1.0874764919281006,1.10673987865448,-1.7358310222625732,-1.7291195392608643,-1.5777922868728638,-1.5220320224761963
0.2,1995200,-11.30859375,-1.3359375,2.234375,9.2578125,6.28125,1.46875,0.76953125,-9.86328125,22.34375,-0.078125,-0.078125,12.5390625,0.07920075207948685,-0.2258400022983551,0.04449634999036789,0.03338930383324623,0.905766487121582,0.48671987652778625,1.07790207862854,1.1403309106826782,-1.7398960590362549,-1.7267035245895386,-1.6541078090667725,-1.518235445022583
0.4,1995250,-12.92578125,-0.18359375,3.07421875,8.60546875,4.5,0.09765625,-0.09375,-12.375,27.2265625,1.09375,-0.3125,9.0625,0.07470502704381943,-0.22227932512760162,0.07112830877304077,0.02344212308526039,0.9539912939071655,0.42279279232025146,1.0652669668197632,1.1704235076904297,-1.7398194074630737,-1.722178339958191,-1.7387068271636963,-1.5027422904968262
0.4,1995300,-12.0234375,0.49609375,0.8046875,8.69921875,1.38671875,0.74609375,0.05078125,-12.31640625,26.6015625,8.203125,-0.703125,7.578125,0.052317120134830475,-0.21381817758083344,0.12131824344396591,0.001569541753269732,1.0014358758926392,0.41699928045272827,0.9972363114356995,1.196812391281128,-1.7374416589736938,-1.7087559700012207,-1.7764045000076294,-1.4748622179031372
0.6,1995351,-13.265625,2.85546875,1.1171875,3.5390625,-1.36328125,5.01171875,-1.54296875,-13.03125,23.125,16.484375,-0.625,5.390625,0.04462543874979019,-0.22857186198234558,0.14331553876399994,-0.005030753090977669,1.0404188632965088,0.5114560127258301,0.8569186329841614,1.2275776863098145,-1.6992456912994385,-1.759760856628418,-1.7771714925765991,-1.4289578199386597
0.6,1995404,2.734375,6.2109375,-10.00390625,-1.61328125,-5.78125,11.88671875,6.484375,-14.2734375,4.4140625,18.1640625,3.0078125,0.1171875,0.03584182262420654,-0.22613905370235443,0.09591402113437653,-0.0075599723495543,1.0607436895370483,0.6211467385292053,0.6730493307113647,1.2832441329956055,-1.6065163612365723,-1.7584185600280762,-1.7560791969299316,-1.379372000694275
0.8,1995455,2.109375,7.609375,-11.49609375,-1.2421875,-0.96875,10.640625,2.421875,-15.28125,0.9375,22.9296875,14.53125,0.390625,0.14295661449432373,-0.18451838195323944,-0.01947654038667679,0.012825468555092812,1.0028407573699951,0.7031866908073425,0.7089629173278809,1.3018877506256104,-1.7326481342315674,-1.7500200271606445,-1.6438684463500977,-1.2990680932998657
0.8,1995506,0.46484375,7.828125,-9.87890625,-0.21484375,-0.0703125,6.6875,-1.76171875,-12.53515625,-0.3125,24.921875,11.9140625,-4.84375,0.21730777621269226,-0.17494189739227295,-0.020400147885084152,0.012730143032968044,0.8599086999893188,0.7725045084953308,0.7638142108917236,1.2796061038970947,-1.7746024131774902,-1.7656667232513428,-1.6362754106521606,-1.2008166313171387
1.0,1995573,1.48828125,7.45703125,-8.41796875,-0.68359375,1.3203125,4.25,-1.1484375,-9.8984375,-0.390625,24.8046875,14.140625,-5.0390625,0.2195965051651001,-0.16105245053768158,-0.014719625003635883,0.00043350597843527794,0.7207054495811462,0.8517649173736572,0.843520998954773,1.258705496788025,-1.7752161026000977,-1.7654749155044556,-1.634319543838501,-1.1878927946090698
1.0,1995649,0.8984375,9.1015625,-9.2578125,-1.48828125,-0.2578125,0.1640625,-0.0703125,-5.234375,-0.15625,27.34375,13.125,-3.4765625,0.2178930938243866,-0.14689882099628448,0.00036906288005411625,-0.0023955933284014463,0.6068522930145264,0.9248327612876892,0.9112914800643921,1.2166038751602173,-1.7750242948532104,-1.764324426651001,-1.6343961954116821,-1.2502490282058716
1.2,1995725,0.9609375,11.05859375,-9.4140625,-2.078125,0.00390625,-1.05859375,-2.05859375,1.171875,-0.1171875,27.3046875,15.3125,0.5078125,0.19433045387268066,-0.14531771838665009,0.009873101487755775,-0.026113197207450867,0.5084174275398254,0.9941377639770508,0.9852578639984131,1.1579160690307617,-1.7675844430923462,-1.7473355531692505,-1.63899827003479,-1.4160723686218262
1.2,1995792,-1.70703125,11.46484375,-4.84375,-1.95703125,-2.98046875,-5.44140625,-3.98046875,-0.43359375,10.9375,19.7265625,15.6640625,-0.5859375,0.18123555183410645,-0.1451139897108078,0.029827384278178215,-0.06381721794605255,0.49456703662872314,1.0476088523864746,1.0617049932479858,1.1433827877044678,-1.8044767379760742,-1.6941447257995605,-1.6406855583190918,-1.5841200351715088
1.4,1995856,0.24609375,11.08984375,-1.83203125,-2.203125,0.16796875,-8.02734375,-5.125,-0.1328125,19.140625,9.7265625,13.359375,-0.1953125,0.165989950299263,-0.14347133040428162,0.05348451808094978,-0.13221746683120728,0.6079632043838501,1.0643712282180786,1.1226447820663452,1.0875980854034424,-1.8712048530578613,-1.575146198272705,-1.6130738258361816,-1.74614679813385
1.4,1995908,-1.3359375,10.99609375,-0.02734375,-0.8984375,3.54296875,-4.859375,-8.0390625,0.2265625,17.2265625,4.1015625,10.1953125,-0.234375,0.1710742861032486,-0.10216875374317169,0.09671573340892792,-0.20694726705551147,0.7073963284492493,1.054183840751648,1.1873141527175903,0.9532836675643921,-1.8792582750320435,-1.4294179677963257,-1.5887986421585083,-1.7673156261444092
1.6,1995959,-1.73828125,-8.69921875,1.42578125,8.203125,6.10546875,1.03515625,-9.37890625,-0.26953125,24.921875,-3.046875,8.984375,0.7421875,0.20863065123558044,-0.04996088147163391,0.14681601524353027,-0.2388843446969986,0.8017592430114746,1.0631084442138672,1.2547928094863892,0.7443621158599854,-1.8757684230804443,-1.348423719406128,-1.5637180805206299,-1.7495981454849243
1.6,1996009,4.28515625,1.55078125,4.0703125,-2.140625,2.12109375,-0.57421875,-8.98828125,2.62890625,26.40625,1.171875,8.984375,0.078125,0.14491403102874756,-0.20954619348049164,0.1004650816321373,-0.08511468768119812,0.8725350499153137,1.09547758102417,1.258973479270935,0.5622460842132568,-1.87189519405365,-1.654222846031189,-1.4843344688415527,-1.6707515716552734
1.8,1996060,8.38671875,-2.88671875,5.71484375,4.72265625,-4.40234375,2.1171875,-11.1796875,1.5390625,26.328125,-0.8203125,8.984375,9.8046875,0.0615430511534214,-0.30448049306869507,0.03816484287381172,0.04184222221374512,0.9388331770896912,0.9327263832092285,1.2586842775344849,0.5790579319000244,-1.8513782024383545,-1.758341908454895,-1.3873101472854614,-1.6426414251327515
1.8,1996110,-3.8828125,-0.62109375,1.73828125,4.78515625,-7.1875,0.76171875,-8.1640625,4.61328125,27.6171875,-0.546875,-3.5546875,14.375,0.0640270784497261,-0.3147534430027008,0.04335702583193779,0.03964807838201523,1.0026352405548096,0.7344099879264832,1.2473794221878052,0.6544256806373596,-1.8506112098693848,-1.7692713737487793,-1.3220776319503784,-1.6626213788986206
2.0,1996162,-5.99609375,-0.8984375,1.89453125,4.47265625,-6.20703125,2.23828125,-0.90234375,4.70703125,22.3828125,-0.8984375,-0.7421875,18.59375,0.050615906715393066,-0.3131657540798187,0.04836588352918625,0.02829545922577381,1.0491687059402466,0.5516735315322876,1.1992837190628052,0.7265205383300781,-1.8152146339416504,-1.7726079225540161,-1.3483470678329468,-1.678843379020691
2.0,1996212,-7.42578125,-1.86328125,1.76953125,6.8359375,-5.1484375,0.2578125,0.58203125,4.65625,20.5078125,-0.1953125,0.390625,20.546875,0.03240152448415756,-0.28047171235084534,0.05296892300248146,0.0052857473492622375,1.0822317600250244,0.4480244815349579,1.1637450456619263,0.7992650270462036,-1.7511708736419678,-1.7675457000732422,-1.4787354469299316,-1.6951035261154175
2.2,1996263,-7.671875,-0.7421875,1.45703125,5.49609375,-7.55859375,0.375,-0.10546875,5.3046875,16.25,0.9765625,-0.078125,17.1484375,0.02635004185140133,-0.24512939155101776,0.06949681043624878,-0.0098258126527071,1.1135830879211426,0.3955082595348358,1.1514697074890137,0.8806749582290649,-1.6761592626571655,-1.7589170932769775,-1.651883602142334,-1.709944725036621
2.2,1996314,-9.2578125,-0.52734375,2.421875,6.02734375,-8.8828125,0.421875,-1.765625,1.85546875,15.859375,0.78125,-0.3125,15.3515625,0.0165207851678133,-0.20173561573028564,0.1279490739107132,-0.023213835433125496,1.1428834199905396,0.3978811502456665,1.0595966577529907,0.9730499386787415,-1.5924806594848633,-1.7190719842910767,-1.7586487531661987,-1.7285826206207275
2.4,1996364,-10.06640625,2.359375,-0.49609375,1.42578125,-9.41796875,-1.98046875,0.3671875,-1.61328125,6.5625,22.65625,-0.703125,16.3671875,0.008997157216072083,-0.20925110578536987,0.19314731657505035,-0.03614180162549019,1.1611453294754028,0.48451489210128784,0.8488926887512207,1.0593842267990112,-1.5009019374847412,-1.7712656259536743,-1.7713040113449097,-1.7311904430389404
2.4,1996416,1.1796875,0.7734375,-5.34375,-2.171875,-5.5390625,0.2890625,3.0546875,-3.171875,-5.234375,21.6015625,1.71875,16.171875,0.013528290204703808,-0.1830650120973587,0.1571447104215622,-0.0377969965338707,1.1586681604385376,0.6033869981765747,0.5900130271911621,1.1527283191680908,-1.3767644166946411,-1.7883695363998413,-1.7551205158233643,-1.7147001028060913
2.6,1996466,0.18359375,-3.7578125,3.32421875,-5.58984375,2.3515625,-1.2578125,1.94921875,-4.98828125,2.5390625,20.4296875,-1.25,16.015625,0.09605775773525238,-0.12338624894618988,-0.025108715519309044,-0.006800035480409861,1.1256300210952759,0.6851631999015808,0.504690408706665,1.2070719003677368,-1.6496213674545288,-1.77920401096344,-1.566632628440857,-1.6685657501220703
2.6,1996517,0.65234375,0.02734375,-9.3515625,0.9296875,-0.43359375,-0.48828125,7.2421875,-5.73828125,-0.8203125,22.8125,11.09375,11.796875,0.19697657227516174,-0.07870747894048691,-0.023024966940283775,0.014635360799729824,1.013922929763794,0.7504042387008667,0.5825287699699402,1.2174322605133057,-1.7637494802474976,-1.7840360403060913,-1.5959700345993042,-1.600111722946167
2.8,1996567,1.45703125,1.95703125,-7.546875,1.1796875,0.10546875,-0.04296875,5.08203125,-5.28515625,-0.6640625,21.328125,12.34375,3.7109375,0.21475458145141602,-0.07268023490905762,-0.0288130734115839,0.006257839035242796,0.8426184058189392,0.8053985238075256,0.6404011249542236,1.207606554031372,-1.7673161029815674,-1.7802010774612427,-1.5955865383148193,-1.517199993133545
2.8,1996618,1.1796875,4.75390625,-6.8359375,0.0,-0.3203125,-1.46484375,4.34765625,-4.484375,-0.5859375,21.6796875,10.9765625,-0.15625,0.21259579062461853,-0.0709071233868599,-0.026151753962039948,0.008273379877209663,0.6677272915840149,0.8579370379447937,0.6950366497039795,1.1932240724563599,-1.770422339439392,-1.7699617147445679,-1.6020292043685913,-1.428650975227356
3.0,1996669,0.49609375,6.86328125,-6.2734375,-0.9296875,0.28515625,-2.16015625,3.70703125,-2.12109375,-0.625,24.140625,13.75,-0.703125,0.20290054380893707,-0.06502313911914825,-0.014766739681363106,0.01830253377556801,0.5398945212364197,0.9120708703994751,0.7541080713272095,1.168321132659912,-1.7708442211151123,-1.7666254043579102,-1.6208587884902954,-1.4133496284484863
3.0,1996720,1.0546875,7.609375,-7.14453125,-2.546875,0.25390625,-4.375,4.16796875,0.3125,-0.46875,23.8671875,18.8671875,-1.640625,0.18228685855865479,-0.06359728425741196,-0.006629176903516054,0.00959952175617218,0.46885889768600464,0.9694868326187134,0.8307375907897949,1.152010202407837,-1.765628695487976,-1.7574981451034546,-1.6594001054763794,-1.4517375230789185
3.2,1996770,0.49609375,7.703125,-5.4375,-2.171875,1.3828125,-7.07421875,3.3828125,-0.046875,0.9375,21.484375,21.0546875,-0.1953125,0.1594925969839096,-0.06407692283391953,-0.000323830870911479,-0.016489315778017044,0.4432535171508789,1.0231752395629883,0.9115338921546936,1.1391050815582275,-1.7583422660827637,-1.738515019416809,-1.6942214965820312,-1.5532103776931763
3.2,1996821,-0.40234375,7.734375,-1.1484375,-3.4453125,-1.3515625,-7.6015625,3.25,-1.21484375,14.765625,16.5234375,22.0703125,-0.0390625,0.15811604261398315,-0.06688151508569717,0.012173525057733059,-0.06545501202344894,0.4948200583457947,1.0622895956039429,0.9736476540565491,1.1160192489624023,-1.78718101978302,-1.7017379999160767,-1.7005491256713867,-1.677654504776001
3.4,1996871,0.02734375,6.12109375,-0.33984375,-1.3046875,1.5234375,-9.53515625,-0.3203125,0.171875,14.1015625,8.671875,19.9609375,-0.3125,0.1548105925321579,-0.06311517208814621,0.025645162910223007,-0.1550561487674713,0.588744580745697,1.073216438293457,1.0381827354431152,1.031596064567566,-1.8242267370224,-1.610044240951538,-1.6942981481552124,-1.7435773611068726
3.4,1996923,-0.49609375,11.6796875,2.234375,-3.29296875,6.06640625,-4.58203125,-3.05078125,-1.5,13.3984375,6.3671875,16.2890625,-0.7421875,0.16884714365005493,-0.017714276909828186,0.05958859622478485,-0.20494481921195984,0.6879940629005432,1.07224440574646,1.1187294721603394,0.9042086005210876,-1.8275630474090576,-1.4758208990097046,-1.684403896331787,-1.7563860416412354
3.6,1996973,-1.86328125,-0.49609375,3.04296875,3.04296875,3.47265625,-0.26953125,-5.7109375,-0.46484375,20.78125,-2.34375,12.5,1.484375,0.21121978759765625,0.02958848513662815,0.11031343787908554,-0.24045948684215546,0.7793715596199036,1.074310064315796,1.1968995332717896,0.7406688928604126,-1.8251854181289673,-1.3749233484268188,-1.6761205196380615,-1.7422734498977661
3.6,1997023,3.07421875,-0.7734375,3.26171875,2.203125,1.8359375,-3.1796875,-4.08203125,0.671875,22.734375,0.9765625,15.8984375,0.1953125,0.14777688682079315,-0.12940308451652527,0.07273413240909576,-0.15314722061157227,0.8484709858894348,1.0968942642211914,1.209322214126587,0.5806642174720764,-1.8251854181289673,-1.6041001081466675,-1.6055573225021362,-1.6673383712768555
3.8,1997074,8.54296875,-0.27734375,5.58984375,-4.19140625,-2.6171875,-0.1796875,-5.80859375,2.46875,21.1328125,-0.3125,14.2578125,1.015625,0.06047398969531059,-0.28390172123908997,0.015968140214681625,0.02988237515091896,0.9115210771560669,0.9619929194450378,1.211034893989563,0.5514176487922668,-1.8190494775772095,-1.749406337738037,-1.5183122158050537,-1.5996131896972656
3.8,1997124,-2.01953125,-1.92578125,1.39453125,3.8828125,-3.69140625,-0.26171875,-4.01953125,7.0,23.0078125,-0.6640625,0.7421875,16.796875,0.06105854734778404,-0.30798208713531494,0.025154905393719673,0.04353288561105728,0.9748084545135498,0.7411710023880005,1.2050048112869263,0.625444769859314,-1.8196247816085815,-1.7690798044204712,-1.4442209005355835,-1.6178675889968872
4.0,1997176,-5.55859375,-0.15234375,0.7109375,3.5703125,-4.29296875,1.91015625,0.4140625,3.68359375,20.9375,-0.6640625,-0.546875,17.265625,0.05922222137451172,-0.3210162818431854,0.030003860592842102,0.048680901527404785,1.0302700996398926,0.5657536387443542,1.1693615913391113,0.7000732421875,-1.7965766191482544,-1.7723010778427124,-1.4331378936767578,-1.6371957063674927
4.0,1997226,-8.078125,-1.1171875,2.234375,6.7109375,-6.2734375,0.4609375,0.83984375,5.890625,20.6640625,0.0,-0.2734375,19.7265625,0.041808322072029114,-0.2823638319969177,0.02836448885500431,0.026173429563641548,1.072789192199707,0.4503970742225647,1.155596137046814,0.7891650795936584,-1.73636794090271,-1.766510248184204,-1.522684097290039,-1.6693710088729858
4.2,1997277,-7.30078125,-0.7421875,1.2421875,6.1796875,-8.4453125,0.78515625,-0.21484375,5.1015625,16.015625,0.625,-0.1171875,17.3046875,0.030604440718889236,-0.23791489005088806,0.047792285680770874,0.007456809747964144,1.1123372316360474,0.3925718367099762,1.1493499279022217,0.8800286054611206,-1.670061707496643,-1.7558491230010986,-1.6739345788955688,-1.695908784866333
4.2,1997328,-9.0390625,-0.12109375,2.671875,4.62890625,-9.5703125,0.57421875,-2.01953125,2.68359375,14.453125,4.140625,-0.7421875,15.625,0.022225001826882362,-0.19537337124347687,0.10483288764953613,-0.00477148313075304,1.1473779678344727,0.39530426263809204,1.0641272068023682,0.9691421985626221,-1.6008024215698242,-1.7161190509796143,-1.763404130935669,-1.7155054807662964
4.4,1997378,-9.87890625,2.203125,-0.55859375,0.05859375,-9.97265625,-2.3515625,-2.12890625,-0.26953125,7.890625,24.53125,-1.1328125,16.1328125,0.015024673193693161,-0.20886869728565216,0.1811184287071228,-0.02031146176159382,1.1684437990188599,0.4802156090736389,0.8783014416694641,1.0537506341934204,-1.51382577419281,-1.7753690481185913,-1.7736432552337646,-1.71853506565094
4.4,1997429,0.08984375,1.2421875,-5.83984375,-3.8203125,-4.62109375,0.9921875,0.94140625,-3.7109375,-2.8515625,21.796875,1.6796875,15.9765625,0.011180203408002853,-0.18686510622501373,0.16477325558662415,-0.026794927194714546,1.1617668867111206,0.5994201898574829,0.6140384674072266,1.1447116136550903,-1.3733514547348022,-1.8000277280807495,-1.7649381160736084,-1.7025049924850464
4.6,1997481,0.49609375,-3.16796875,2.453125,-5.49609375,1.19921875,-2.08984375,2.7890625,-6.08984375,1.953125,20.625,-1.015625,17.109375,0.0883006751537323,-0.1337779313325882,-0.0005625566118396819,-0.002806001342833042,1.134413242340088,0.6878228783607483,0.488172322511673,1.2016786336898804,-1.629679560661316,-1.7916676998138428,-1.6004568338394165,-1.6534559726715088
4.6,1997532,1.1171875,-1.3046875,-8.48046875,-0.37109375,-2.2890625,0.23046875,8.0,-6.265625,-0.703125,23.0078125,10.859375,14.8828125,0.19129550457000732,-0.06188272312283516,-0.03959914669394493,0.036026932299137115,1.041991949081421,0.7557127475738525,0.555060625076294,1.216726303100586,-1.7578437328338623,-1.7895582914352417,-1.601760745048523,-1.5812437534332275
4.8,1997582,1.58203125,-0.55859375,-5.74609375,1.86328125,-0.06640625,0.48046875,5.8203125,-4.4453125,-0.3515625,21.71875,12.65625,5.78125,0.21239425241947174,-0.05644160881638527,-0.05044487491250038,0.015665730461478233,0.8840380907058716,0.8119913935661316,0.6146347522735596,1.2010152339935303,-1.7690417766571045,-1.791974425315857,-1.6013004779815674,-1.493423342704773
4.8,1997633,0.8046875,2.453125,-4.75390625,0.40234375,1.9765625,-2.72265625,3.8671875,-4.56640625,-0.390625,21.40625,12.5390625,-0.5078125,0.21390289068222046,-0.05230787396430969,-0.04990476369857788,0.013126170262694359,0.703315794467926,0.8649481534957886,0.6752262115478516,1.185818076133728,-1.7700005769729614,-1.7783602476119995,-1.6068612337112427,-1.406369924545288
5.0,1997685,0.58984375,4.84375,-4.59765625,-0.9609375,1.109375,-4.0390625,1.86328125,-1.41015625,-0.4296875,22.03125,14.0625,-0.9765625,0.20515358448028564,-0.0439298041164875,-0.03679237514734268,0.02876613289117813,0.561455488204956,0.9202435612678528,0.7401341795921326,1.164293885231018,-1.7711893320083618,-1.7678141593933105,-1.628950595855713,-1.3954402208328247
5.0,1997735,1.2109375,6.6171875,-5.99609375,-1.76953125,0.671875,-5.4609375,3.91796875,0.98046875,-0.4296875,22.7734375,17.9296875,0.2734375,0.18287354707717896,-0.038082871586084366,-0.02364622801542282,0.017005223780870438,0.4852159917354584,0.9745803475379944,0.8133231997489929,1.1430341005325317,-1.7670092582702637,-1.754698634147644,-1.6634267568588257,-1.4553040266036987
5.2,1997786,0.15234375,6.86328125,-4.69140625,-1.48828125,1.75390625,-6.64453125,2.3671875,0.7734375,1.1328125,20.46875,20.546875,-0.4296875,0.1597682237625122,-0.03955775499343872,-0.012523772194981575,-0.010736888274550438,0.4524334669113159,1.02874755859375,0.8902238011360168,1.1347789764404297,-1.759454369544983,-1.7357922792434692,-1.6961004734039307,-1.547419548034668
5.2,1997836,0.24609375,5.93359375,-1.0546875,-1.73828125,-2.25390625,-8.55078125,3.65625,-0.23828125,11.2890625,16.1328125,23.359375,0.15625,0.15483129024505615,-0.04557493329048157,0.001878527458757162,-0.052139442414045334,0.4973824918270111,1.0684254169464111,0.9490183591842651,1.115312099456787,-1.7787824869155884,-1.7022364139556885,-1.700817584991455,-1.662889838218689
5.4,1997888,0.27734375,5.49609375,0.0,-0.65234375,1.27734375,-9.70703125,2.18359375,0.4921875,13.75,8.4375,20.7421875,-0.2734375,0.14691244065761566,-0.04075261577963829,0.015472473576664925,-0.1603419929742813,0.5966399312019348,1.0849612951278687,1.0222313404083252,1.028443694114685,-1.8201615810394287,-1.6098908185958862,-1.6997053623199463,-1.7431937456130981
5.4,1997938,-1.58203125,10.03515625,0.7109375,-1.73828125,2.73828125,-5.63671875,-3.49609375,-0.5625,13.4375,6.0546875,16.7578125,-0.8203125,0.17032146453857422,0.011407391168177128,0.05595957115292549,-0.22278933227062225,0.696144163608551,1.085955023765564,1.1100302934646606,0.9049761295318604,-1.8228461742401123,-1.477508306503296,-1.698708415031433,-1.7567695379257202
5.6,1997989,-1.89453125,0.0,3.19921875,1.98828125,1.8203125,-0.02734375,-4.3515625,1.01953125,20.7421875,-1.1328125,12.2265625,0.8203125,0.22036375105381012,0.06477554142475128,0.11259126663208008,-0.25623154640197754,0.7899308204650879,1.0859705209732056,1.1933643817901611,0.7211588025093079,-1.818589210510254,-1.3726223707199097,-1.6922272443771362,-1.7349103689193726
5.6,1998039,3.38671875,-2.91796875,5.25,1.55078125,4.1875,-2.57421875,-5.42578125,0.80078125,23.8671875,-0.46875,15.5078125,0.1953125,0.16495218873023987,-0.07935448735952377,0.08187919110059738,-0.21016521751880646,0.8627921938896179,1.1105830669403076,1.2193421125411987,0.5649425387382507,-1.8157131671905518,-1.5310825109481812,-1.630561351776123,-1.6670700311660767
5.8,1998090,5.40625,0.7421875,3.13671875,-2.94921875,-5.765625,-0.1171875,-7.05859375,3.359375,20.5859375,0.0390625,16.7578125,-0.0390625,0.09408892691135406,-0.26667362451553345,0.03855813294649124,-0.03691057488322258,0.9271722435951233,1.003541350364685,1.230040431022644,0.5162299871444702,-1.8148695230484009,-1.7362908124923706,-1.5491069555282593,-1.5962384939193726
5.8,1998141,3.26171875,-2.109375,-0.15234375,4.0703125,-5.47265625,-0.859375,-6.67578125,3.21484375,23.203125,-0.78125,5.9765625,14.6484375,0.08034226298332214,-0.31167325377464294,0.03466901183128357,0.023078829050064087,0.9863367080688477,0.7992942929267883,1.2162808179855347,0.5827075839042664,-1.8063942193984985,-1.7724543809890747,-1.4605579376220703,-1.5960850715637207
6.0,1998192,-7.36328125,-0.43359375,2.078125,3.6640625,-6.6171875,0.38671875,0.5546875,7.39453125,23.046875,-0.4296875,-1.796875,17.5,0.09276606887578964,-0.3293232321739197,0.0309759508818388,0.041323959827423096,1.0391392707824707,0.59873366355896,1.1774746179580688,0.6438536047935486,-1.7920130491256714,-1.774371862411499,-1.4360908269882202,-1.603179693222046
6.0,1998243,-9.0703125,-0.8984375,1.83203125,7.828125,-6.20703125,-0.62890625,0.53515625,7.48828125,18.671875,-0.4296875,-0.0390625,20.0390625,0.07475295662879944,-0.29996728897094727,0.031398139894008636,0.0170891135931015,1.0799076557159424,0.47746750712394714,1.1559088230133057,0.7337851524353027,-1.7240577936172485,-1.7723010778427124,-1.5078811645507812,-1.6400336027145386
6.2,1998293,-8.48046875,-0.40234375,1.95703125,7.42578125,-7.5078125,1.09375,-0.140625,7.00390625,15.46875,1.0546875,-0.8984375,18.046875,0.060934871435165405,-0.25142139196395874,0.05403606593608856,-0.005452117882668972,1.1131398677825928,0.39508718252182007,1.1531020402908325,0.831493079662323,-1.642181634902954,-1.7663570642471313,-1.6470130681991577,-1.6779996156692505
6.2,1998344,-10.5,-0.49609375,2.88671875,6.15234375,-8.37109375,0.359375,-2.01171875,3.62890625,15.3515625,2.65625,-0.1953125,15.546875,0.05215125530958176,-0.20433564484119415,0.09982210397720337,-0.018528826534748077,1.1425833702087402,0.39557990431785583,1.087053656578064,0.9327475428581238,-1.5544378757476807,-1.7327243089675903,-1.7595690488815308,-1.7102899551391602
6.4,1998395,-10.5,2.85546875,-1.67578125,2.01953125,-10.0625,-3.26171875,-2.5625,1.0234375,7.8125,24.7265625,-1.171875,16.328125,0.03846609592437744,-0.20940935611724854,0.1763637214899063,-0.03974877670407295,1.1604143381118774,0.4590282738208771,0.9058194160461426,1.0287280082702637,-1.4585256576538086,-1.7600293159484863,-1.7737966775894165,-1.7244409322738647
6.4,1998445,-1.45703125,2.328125,-5.09375,-3.7890625,-4.93359375,-0.5859375,0.40625,-2.296875,-2.03125,22.8515625,1.015625,16.9921875,0.03489506617188454,-0.18581022322177887,0.16641509532928467,-0.04541951045393944,1.151568055152893,0.5872227549552917,0.6425859332084656,1.1215479373931885,-1.3152135610580444,-1.8067007064819336,-1.7666254043579102,-1.7120922803878784
6.6,1998496,1.80078125,-3.19921875,0.8671875,-5.83984375,2.30078125,-3.15234375,3.15234375,-4.4765625,1.1328125,21.3671875,0.0,17.2265625,0.0839356854557991,-0.13558810949325562,0.013557050377130508,-0.022392334416508675,1.1315494775772095,0.6845887899398804,0.4954195022583008,1.1960477828979492,-1.5757601261138916,-1.7973817586898804,-1.6139942407608032,-1.6732443571090698
6.6,1998547,0.52734375,-1.0234375,-7.953125,0.24609375,-2.16796875,-2.25390625,6.390625,-6.7421875,0.4296875,22.65625,11.640625,13.7890625,0.19440078735351562,-0.06333281099796295,-0.03172743320465088,0.017201902344822884,1.0528762340545654,0.7614542245864868,0.5640259385108948,1.2248762845993042,-1.7580738067626953,-1.7889447212219238,-1.5986545085906982,-1.6053272485733032
6.8,1998597,1.3671875,-0.21484375,-7.26953125,1.0546875,-0.55859375,-0.828125,5.1796875,-5.4375,-0.4296875,21.6015625,10.78125,7.2265625,0.21778632700443268,-0.05253475159406662,-0.04258294776082039,0.0021121192257851362,0.892500638961792,0.8195284008979797,0.6243910193443298,1.2088286876678467,-1.767162561416626,-1.7898651361465454,-1.5949729681015015,-1.512368083000183
6.8,1998649,0.33984375,2.390625,-4.8125,1.67578125,-1.19921875,-3.25,2.1484375,-4.66796875,-0.4296875,21.4453125,11.2109375,0.0390625,0.21658790111541748,-0.04382304102182388,-0.04088063910603523,-0.00027301564114168286,0.720947802066803,0.8749797344207764,0.684898853302002,1.191810131072998,-1.7704991102218628,-1.7781685590744019,-1.5958549976348877,-1.417644739151001
7.0,1998699,0.7109375,4.19140625,-5.0625,-0.30859375,0.5390625,-4.96875,1.37109375,-2.90625,-0.4296875,22.65625,12.3046875,-1.40625,0.20612403750419617,-0.034054528921842575,-0.028630297631025314,0.014937704429030418,0.5771777629852295,0.9286085963249207,0.7438490390777588,1.1704185009002686,-1.7723015546798706,-1.7721092700958252,-1.611693263053894,-1.381787896156311
7.0,1998750,0.9296875,5.68359375,-6.02734375,-1.58203125,0.359375,-4.9375,2.5390625,0.35546875,-0.625,23.828125,15.8984375,-0.5078125,0.18366505205631256,-0.025595035403966904,-0.015401903539896011,0.01428617350757122,0.48778006434440613,0.9838201999664307,0.8156236410140991,1.1467976570129395,-1.7674311399459839,-1.7636724710464478,-1.644712209701538,-1.4202908277511597
7.2,1998800,0.49609375,6.89453125,-5.74609375,-1.58203125,0.34765625,-7.66796875,1.21875,0.8671875,0.3125,23.2421875,19.0625,0.1171875,0.15795861184597015,-0.02662622556090355,-0.009301658719778061,-0.004434281028807163,0.45041900873184204,1.038791298866272,0.8942878246307373,1.1384695768356323,-1.761295199394226,-1.7477574348449707,-1.6783448457717896,-1.5172383785247803
7.2,1998851,0.05859375,5.99609375,-1.3671875,-5.40625,-0.7265625,-9.5546875,5.44140625,-0.53515625,9.4140625,19.0625,21.9921875,-0.1171875,0.14897428452968597,-0.02679455280303955,0.008014997467398643,-0.03170332312583923,0.4754524827003479,1.0808542966842651,0.9599591493606567,1.1219767332077026,-1.7655903100967407,-1.7167326211929321,-1.6898880004882812,-1.6340126991271973
7.4,1998902,-0.49609375,5.0625,-0.37109375,-0.05859375,0.3125,-11.92578125,0.703125,0.01953125,14.9609375,10.625,19.9609375,0.15625,0.14654037356376648,-0.02682749181985855,0.018911398947238922,-0.13805215060710907,0.5691225528717041,1.1016558408737183,1.0286312103271484,1.0580211877822876,-1.8089252710342407,-1.6370422840118408,-1.688660740852356,-1.7355238199234009
7.4,1998953,-0.12109375,11.62109375,2.109375,-4.12890625,4.8828125,-8.2421875,-1.5,-2.0234375,13.4375,7.34375,14.765625,-1.1328125,0.15675532817840576,0.013527227565646172,0.05130859464406967,-0.19292545318603516,0.668269157409668,1.1022530794143677,1.1077419519424438,0.9327410459518433,-1.817400574684143,-1.506999135017395,-1.6799938678741455,-1.753778338432312
7.6,1999003,-1.80078125,1.58203125,1.51953125,2.171875,2.76171875,-1.62890625,-6.42578125,0.2734375,19.1796875,-1.71875,12.03125,0.859375,0.21008431911468506,0.0714668482542038,0.11579324305057526,-0.24199621379375458,0.7642714381217957,1.0966600179672241,1.1968897581100464,0.7482534646987915,-1.8110729455947876,-1.3790267705917358,-1.6771559715270996,-1.7476806640625
7.6,1999054,3.4765625,-2.88671875,2.578125,3.5078125,5.26171875,-2.37890625,-5.44921875,0.8515625,24.1015625,-0.234375,13.6328125,0.15625,0.1603480726480484,-0.07387201488018036,0.09279709309339523,-0.18724891543388367,0.8407548069953918,1.1026827096939087,1.2268682718276978,0.5852168202400208,-1.8057806491851807,-1.554897665977478,-1.616371989250183,-1.6668014526367188
7.8,1999104,8.078125,1.2421875,3.4765625,-4.12890625,-4.71484375,-0.67578125,-6.63671875,2.9375,19.5703125,0.0,15.390625,0.2734375,0.07624276727437973,-0.27357542514801025,0.03362823277711868,-0.002076813019812107,0.9013928174972534,0.9858309030532837,1.2311792373657227,0.5379568934440613,-1.8033645153045654,-1.7431169748306274,-1.5309292078018188,-1.6009553670883179
7.8,1999156,3.07421875,-2.265625,0.52734375,4.50390625,-4.33984375,1.55859375,-7.52734375,3.4296875,23.0859375,-1.09375,2.96875,14.4921875,0.053905338048934937,-0.30825746059417725,0.024987949058413506,0.03111887350678444,0.9663124084472656,0.7686870694160461,1.2180070877075195,0.6056227684020996,-1.8021373748779297,-1.76934814453125,-1.4438756704330444,-1.6070913076400757
8.0,1999206,-5.46875,-0.65234375,1.70703125,4.41015625,-6.59375,2.109375,-1.49609375,4.046875,21.9921875,-0.703125,-1.25,16.5625,0.05681339651346207,-0.3225627839565277,0.03203083947300911,0.04135963320732117,1.0228174924850464,0.5852868556976318,1.1867868900299072,0.6777471899986267,-1.7886000871658325,-1.7724159955978394,-1.42665696144104,-1.6258442401885986
8.0,1999257,-7.796875,-1.0234375,1.73828125,5.77734375,-6.31640625,0.16796875,0.3359375,4.5,20.3125,-0.1171875,0.0390625,19.1015625,0.0428035594522953,-0.2887759208679199,0.030162394046783447,0.021546971052885056,1.0664379596710205,0.4692920446395874,1.1601499319076538,0.7671971321105957,-1.7320343255996704,-1.769079566001892,-1.5042378902435303,-1.6607040166854858
8.2,1999307,-7.42578125,-1.3046875,1.55078125,5.99609375,-6.85546875,1.05859375,-0.10546875,5.1484375,15.859375,0.78125,0.0390625,18.3984375,0.032065968960523605,-0.24334347248077393,0.047241561114788055,0.002818366512656212,1.104583740234375,0.39372098445892334,1.1528500318527222,0.8586839437484741,-1.6647694110870361,-1.7594157457351685,-1.650809645652771,-1.6928791999816895
8.2,1999358,-9.78515625,-1.1171875,2.578125,5.93359375,-9.19921875,0.41015625,-0.43359375,1.6328125,16.171875,0.1953125,-0.2734375,15.859375,0.02597825601696968,-0.19851186871528625,0.09126674383878708,-0.007490258663892746,1.1396723985671997,0.3953527510166168,1.0892853736877441,0.9498370289802551,-1.5931708812713623,-1.7266651391983032,-1.7557340860366821,-1.7170778512954712
8.4,1999409,-9.66015625,2.94921875,-1.1171875,1.42578125,-10.16796875,-3.82421875,-1.671875,-0.24609375,9.609375,22.9296875,-0.859375,16.5625,0.012652072124183178,-0.20696456730365753,0.17578791081905365,-0.03047381155192852,1.163351058959961,0.4581880271434784,0.9072368741035461,1.0382566452026367,-1.5105276107788086,-1.7604894638061523,-1.7732981443405151,-1.7273170948028564
8.4,1999460,-7.703125,1.83203125,-0.58984375,-1.42578125,-8.1171875,-0.50390625,1.99609375,-3.29296875,-0.703125,21.171875,0.390625,16.7578125,0.0088775884360075,-0.18307727575302124,0.1747594028711319,-0.03459611162543297,1.1589865684509277,0.5815655589103699,0.642261266708374,1.1287848949432373,-1.3706285953521729,-1.7994142770767212,-1.7687345743179321,-1.7133195400238037
8.6,1999511,0.9296875,-3.7578125,0.8359375,-5.62109375,1.72265625,-2.36328125,3.2265625,-4.1875,2.65625,21.3671875,-0.4296875,17.5390625,0.059945181012153625,-0.1353369802236557,0.03601193055510521,-0.01714269630610943,1.1391232013702393,0.6751201748847961,0.48441630601882935,1.1950881481170654,-1.5753382444381714,-1.7922812700271606,-1.6304079294204712,-1.6710584163665771
8.6,1999562,1.95703125,-3.5390625,-7.45703125,-0.15234375,-0.390625,-1.21875,5.421875,-6.1953125,0.46875,23.7109375,10.078125,15.6640625,0.18114760518074036,-0.05356648936867714,-0.0339774563908577,0.03224484622478485,1.0684694051742554,0.7479352355003357,0.5370861887931824,1.219412088394165,-1.75803542137146,-1.786221981048584,-1.596353530883789,-1.6039466857910156
8.8,1999612,1.39453125,-0.33984375,-6.7109375,1.92578125,0.59765625,-0.54296875,5.98828125,-5.24609375,-0.546875,22.5390625,12.5,6.5234375,0.21288533508777618,-0.04680683836340904,-0.043900664895772934,0.016505448147654533,0.9053109288215637,0.8054109811782837,0.5970068573951721,1.2074989080429077,-1.767853021621704,-1.7905937433242798,-1.5960084199905396,-1.5201529264450073
8.8,1999664,1.2421875,1.2421875,-5.125,0.55859375,1.7578125,-3.38671875,2.96875,-4.93359375,-0.4296875,21.328125,11.9921875,0.78125,0.2174624800682068,-0.04182194918394089,-0.04312196746468544,0.013652654364705086,0.7222753167152405,0.8639062643051147,0.6591799259185791,1.1968677043914795,-1.770575761795044,-1.7783602476119995,-1.5995748043060303,-1.4275389909744263
9.0,1999714,0.7734375,4.0078125,-4.72265625,-0.46484375,0.54296875,-3.41015625,2.80859375,-2.8125,-0.46875,22.265625,12.6953125,-0.9765625,0.20852142572402954,-0.03555283322930336,-0.03120717778801918,0.02590245008468628,0.58321613073349,0.917235791683197,0.7152186632156372,1.1753666400909424,-1.7719563245773315,-1.770613670349121,-1.612536907196045,-1.3875019550323486
9.0,1999765,1.1484375,5.55859375,-6.12109375,-1.1484375,0.21875,-5.640625,1.94140625,-0.734375,-0.46875,22.890625,15.8203125,-0.46875,0.18957245349884033,-0.026193972676992416,-0.014718255028128624,0.0250000711530447,0.4939415752887726,0.9722673892974854,0.7859631776809692,1.1565525531768799,-1.7698471546173096,-1.7596074342727661,-1.6458626985549927,-1.4112019538879395
9.2,1999815,0.8046875,6.86328125,-6.3046875,-1.67578125,0.1015625,-7.265625,1.69140625,1.2109375,0.1171875,23.2421875,19.1015625,-0.390625,0.16627483069896698,-0.025655504316091537,-0.006390040274709463,0.001797242322936654,0.45216789841651917,1.0266393423080444,0.8642444014549255,1.1368998289108276,-1.7658971548080444,-1.7435773611068726,-1.681374430656433,-1.4924262762069702
9.2,1999866,1.2109375,5.03125,-3.07421875,-5.28125,1.609375,-8.015625,6.08203125,-0.19140625,4.4140625,19.6484375,22.3046875,0.0,0.1438436657190323,-0.026733536273241043,0.011791947297751904,-0.015545575879514217,0.45380347967147827,1.072069525718689,0.9320961236953735,1.1295039653778076,-1.7356009483337402,-1.7151986360549927,-1.6960622072219849,-1.6200151443481445
9.4,1999917,-0.30859375,5.03125,-0.68359375,0.52734375,0.9140625,-11.8359375,2.3671875,-3.1328125,15.6640625,12.5390625,21.875,-0.4296875,0.14747488498687744,-0.03044864721596241,0.020481057465076447,-0.11568062752485275,0.5403484106063843,1.1013206243515015,0.9911928176879883,1.077506184577942,-1.794697642326355,-1.6586329936981201,-1.694029688835144,-1.7228301763534546
9.4,1999967,-0.33984375,9.87890625,0.0,-3.29296875,3.90625,-9.484375,-0.79296875,0.2265625,12.34375,7.9296875,15.5859375,-0.46875,0.1508081555366516,-0.0027364608831703663,0.046908192336559296,-0.16561314463615417,0.6372759938240051,1.1060172319412231,1.0643926858901978,0.950351357460022,-1.815636396408081,-1.5434311628341675,-1.6871651411056519,-1.7565778493881226
9.6,2000018,-1.2109375,2.79296875,0.7109375,1.48828125,2.34765625,-2.234375,-5.1015625,-2.73046875,17.1875,3.125,12.5,0.078125,0.19414639472961426,0.05779750645160675,0.10758432745933533,-0.22438295185565948,0.737846314907074,1.1010793447494507,1.1601474285125732,0.7862712144851685,-1.8115713596343994,-1.3990452289581299,-1.6869350671768188,-1.7539316415786743
9.6,2000069,1.45703125,-4.56640625,4.9375,3.6015625,3.0078125,-1.0625,-4.8515625,-0.046875,23.75,-1.171875,14.9609375,0.1171875,0.17252430319786072,-0.037130020558834076,0.10709290206432343,-0.19994129240512848,0.818979799747467,1.1110879182815552,1.2067104578018188,0.6108260154724121,-1.8019073009490967,-1.5071525573730469,-1.6416441202163696,-1.6822564601898193
9.8,2000119,5.74609375,2.671875,1.51953125,-2.91796875,-3.37890625,-2.046875,-6.26171875,3.26171875,20.2734375,0.15625,16.0546875,0.1953125,0.09039449691772461,-0.251548171043396,0.049150269478559494,-0.02099962905049324,0.880505383014679,1.0328214168548584,1.216547966003418,0.5391768217086792,-1.8008718490600586,-1.7291195392608643,-1.5645617246627808,-1.6089705228805542
9.8,2000171,3.9453125,-2.85546875,0.21484375,6.12109375,-2.2109375,-0.5546875,-4.99609375,4.1328125,22.734375,-0.703125,6.71875,14.21875,0.054060857743024826,-0.3015103042125702,0.029841560870409012,0.02106383442878723,0.9455434679985046,0.8041968941688538,1.2129027843475342,0.6079831719398499,-1.7930868864059448,-1.7668172121047974,-1.4804612398147583,-1.6125370264053345
10.0,2000221,-5.4375,-0.55859375,1.95703125,4.9375,-5.51953125,2.01171875,-2.62890625,5.34375,21.875,-0.8984375,-1.3671875,15.859375,0.06749188154935837,-0.3233675956726074,0.04019209370017052,0.04217538610100746,1.0022400617599487,0.6126462817192078,1.188259482383728,0.6725674867630005,-1.7869126796722412,-1.772032618522644,-1.4393121004104614,-1.6216257810592651
10.0,2000272,-8.38671875,-0.65234375,2.390625,6.4296875,-6.28515625,-1.359375,1.09765625,5.58203125,20.390625,-0.3515625,-1.40625,18.3984375,0.056883931159973145,-0.2985910475254059,0.03513502702116966,0.025478344410657883,1.0478508472442627,0.49124962091445923,1.1582671403884888,0.7590470910072327,-1.7321494817733765,-1.7704218626022339,-1.492349624633789,-1.6529957056045532
10.2,2000322,-8.140625,-1.1484375,1.86328125,6.7734375,-7.03515625,1.46875,0.7578125,4.1328125,16.640625,0.703125,-0.5859375,19.21875,0.045284293591976166,-0.252776175737381,0.04836725816130638,0.005106532014906406,1.0877221822738647,0.3976629674434662,1.1537494659423828,0.8506313562393188,-1.665958285331726,-1.7635575532913208,-1.632670521736145,-1.685362696647644
10.2,2000373,-10.25390625,-0.43359375,3.6640625,6.6484375,-8.4140625,0.421875,-2.4921875,2.71875,15.859375,0.4296875,-0.1953125,15.6640625,0.03902825340628624,-0.2103157788515091,0.0916839987039566,-0.006687315646559,1.125087857246399,0.3953647315502167,1.0982874631881714,0.9426581859588623,-1.5952033996582031,-1.7367894649505615,-1.7470288276672363,-1.7119005918502808
10.4,2000424,-10.25390625,3.38671875,-0.46484375,2.98046875,-10.1015625,-4.78125,-0.828125,0.24609375,11.875,19.296875,-0.8984375,15.7421875,0.02191615104675293,-0.2062477171421051,0.1677342653274536,-0.03255879506468773,1.1519314050674438,0.4356415867805481,0.9329549670219421,1.0327062606811523,-1.5175073146820068,-1.743692398071289,-1.7739884853363037,-1.7259366512298584
10.4,2000475,-10.03515625,1.76953125,0.30859375,0.43359375,-9.0703125,-2.8125,1.23046875,-3.2734375,1.2109375,21.40625,-0.1953125,15.3515625,0.018033262342214584,-0.18966832756996155,0.17422230541706085,-0.03441552445292473,1.1542408466339111,0.5593218207359314,0.671789824962616,1.1225409507751465,-1.391337275505066,-1.7951956987380981,-1.7700767517089844,-1.716425895690918
10.6,2000525,1.76953125,-2.453125,-0.02734375,-5.03125,0.65234375,-1.046875,3.48828125,-4.30859375,1.40625,21.40625,-0.0390625,17.7734375,0.05617775395512581,-0.14940840005874634,0.05108753591775894,-0.0209999717772007,1.1446027755737305,0.6613879203796387,0.5026405453681946,1.194358468055725,-1.5416673421859741,-1.7928564548492432,-1.6462844610214233,-1.6808375120162964
10.6,2000576,1.73828125,-0.08984375,-9.2890625,-1.70703125,-1.8671875,-1.45703125,5.99609375,-7.140625,0.6640625,23.2421875,10.3125,14.21875,0.17345400154590607,-0.07396145164966583,-0.028896963223814964,0.02946368046104908,1.0721324682235718,0.7364674806594849,0.5468776226043701,1.2270700931549072,-1.752973198890686,-1.783614158630371,-1.5960850715637207,-1.6203219890594482
10.8,2000627,1.39453125,0.05859375,-7.609375,1.39453125,-1.453125,0.484375,5.625,-5.34765625,-0.46875,22.1875,11.328125,7.03125,0.21241821348667145,-0.06418369710445404,-0.03625527769327164,0.017200259491801262,0.9204134941101074,0.7955722808837891,0.6057775616645813,1.2151693105697632,-1.7675079107284546,-1.7868739366531372,-1.5937457084655762,-1.5327699184417725
10.8,2000678,1.48828125,1.98828125,-6.6171875,0.58984375,1.46875,-2.24609375,3.10546875,-5.48046875,-0.3515625,20.859375,11.8359375,1.7578125,0.21644409000873566,-0.05850399285554886,-0.03632691130042076,0.013257174752652645,0.7452512979507446,0.8518022894859314,0.6657112836837769,1.2040826082229614,-1.7709976434707642,-1.7756375074386597,-1.5949345827102661,-1.4419199228286743
11.0,2000729,1.1796875,4.41015625,-6.02734375,-0.7421875,1.7734375,-3.67578125,3.171875,-3.53125,-0.3515625,23.28125,12.5390625,-0.859375,0.2097795009613037,-0.05037786439061165,-0.02533600479364395,0.02658500336110592,0.5925619006156921,0.904160737991333,0.7208150029182434,1.1824003458023071,-1.772071361541748,-1.7698466777801514,-1.6064393520355225,-1.3873869180679321
11.0,2000779,1.0546875,6.2734375,-6.95703125,-1.58203125,0.02734375,-4.19140625,3.20703125,-0.8984375,-0.703125,23.90625,15.4296875,-0.8203125,0.19232964515686035,-0.04105496034026146,-0.012477478943765163,0.021882258355617523,0.501441478729248,0.9590128660202026,0.7886585593223572,1.162520170211792,-1.7691184282302856,-1.7649379968643188,-1.6370424032211304,-1.4029568433761597
11.2,2000830,1.2421875,6.92578125,-6.6796875,-2.453125,0.48046875,-6.02734375,1.09765625,0.7578125,-0.078125,23.828125,19.296875,-0.5078125,0.17027731239795685,-0.04058784618973732,-0.004484548233449459,0.005825038533657789,0.45047780871391296,1.0150026082992554,0.8698410391807556,1.1427001953125,-1.7634811401367188,-1.750135064125061,-1.67520010471344,-1.4810748100280762
11.2,2000880,0.9609375,6.3359375,-4.25390625,-2.94921875,0.99609375,-8.97265625,2.54296875,0.42578125,0.46875,20.4296875,20.7421875,-0.78125,0.14655046164989471,-0.041450440883636475,0.008604141883552074,-0.01052172016352415,0.4449683725833893,1.061224102973938,0.9407854676246643,1.1339386701583862,-1.7415452003479004,-1.7232904434204102,-1.6957554817199707,-1.593669056892395
11.4,2000932,-0.55859375,5.68359375,-0.62109375,-0.9609375,1.4375,-10.8828125,3.3203125,-3.296875,15.6640625,13.984375,22.0703125,0.078125,0.1489606499671936,-0.043427564203739166,0.02030019834637642,-0.09509418904781342,0.5210660696029663,1.0938072204589844,0.9993529319763184,1.0921906232833862,-1.7882548570632935,-1.6738195419311523,-1.6934927701950073,-1.716425895690918
11.4,2000982,-0.21484375,7.26953125,-0.46484375,-1.98828125,4.453125,-10.2578125,-2.2578125,0.3359375,12.4609375,7.3046875,17.109375,-0.3125,0.14849354326725006,-0.02711401879787445,0.04310700297355652,-0.1640775203704834,0.6189278960227966,1.0990060567855835,1.0691864490509033,0.9734705686569214,-1.8165568113327026,-1.5617622137069702,-1.6848257780075073,-1.7560408115386963
11.6,2001033,-2.82421875,9.1640625,-0.02734375,-1.3671875,1.3203125,-5.875,-6.42578125,0.66796875,16.796875,5.9375,12.3828125,-0.625,0.1824871003627777,0.031710583716630936,0.09515887498855591,-0.2152392715215683,0.7177751660346985,1.093252182006836,1.158411979675293,0.8235413432121277,-1.8150612115859985,-1.4151520729064941,-1.6799554824829102,-1.7551589012145996
11.6,2001083,1.64453125,-2.79296875,4.50390625,2.359375,4.05859375,0.19140625,-6.5234375,1.2265625,23.0078125,-2.0703125,12.6171875,0.078125,0.18873924016952515,-0.006165181286633015,0.11545953154563904,-0.21232539415359497,0.8009663820266724,1.1035724878311157,1.2157589197158813,0.6420427560806274,-1.8060489892959595,-1.4555723667144775,-1.6475884914398193,-1.699782133102417
11.8,2001134,4.16015625,3.04296875,1.42578125,-1.73828125,-3.93359375,-1.81640625,-6.7109375,4.09375,20.546875,0.2734375,16.09375,-0.46875,0.1030280590057373,-0.22995778918266296,0.0545058473944664,-0.04554305225610733,0.8672391176223755,1.0507519245147705,1.227908730506897,0.5446143746376038,-1.80570387840271,-1.7151987552642822,-1.566939353942871,-1.6165252923965454
11.8,2001185,4.50390625,-3.6953125,2.078125,5.93359375,-1.5390625,-0.1171875,-7.7734375,4.01171875,24.6875,-0.7421875,10.1953125,11.015625,0.04830678924918175,-0.3002021014690399,0.0189699474722147,0.013956095091998577,0.9312819838523865,0.8371153473854065,1.2240848541259766,0.6018935441970825,-1.7952728271484375,-1.7658584117889404,-1.482378602027893,-1.6167171001434326
12.0,2001236,-3.9765625,-0.8046875,0.9609375,4.96875,-5.48046875,2.33203125,-3.5,4.34765625,22.890625,-0.9765625,-1.328125,15.9765625,0.06074422225356102,-0.32073190808296204,0.04014470800757408,0.03904695063829422,0.9925447702407837,0.638001024723053,1.2023779153823853,0.6661927700042725,-1.7987626791000366,-1.7713040113449097,-1.4315272569656372,-1.6235432624816895
12.0,2001286,-6.92578125,-0.8671875,1.80078125,4.96875,-6.75390625,-0.52734375,0.8828125,2.7109375,21.2890625,-0.625,-1.1328125,17.8515625,0.05189794301986694,-0.3035895526409149,0.03568520396947861,0.024723337963223457,1.0391743183135986,0.5089372396469116,1.1662111282348633,0.7478426098823547,-1.7525514364242554,-1.771073818206787,-1.4650447368621826,-1.651538372039795
12.2,2001337,-7.546875,-0.8359375,1.80078125,6.6171875,-5.25,1.30078125,-0.39453125,5.14453125,17.96875,0.3515625,-0.4296875,19.8046875,0.038369398564100266,-0.2613554894924164,0.04257887601852417,0.004866025410592556,1.0810469388961792,0.4019511044025421,1.1554646492004395,0.8368492126464844,-1.690578579902649,-1.7645928859710693,-1.5993831157684326,-1.6818729639053345
12.2,2001388,-9.1953125,-0.7421875,2.265625,6.89453125,-7.6796875,0.32421875,-0.07421875,2.41796875,16.7578125,0.46875,-0.546875,15.5859375,0.03302525728940964,-0.21637924015522003,0.07056450843811035,-0.007393563166260719,1.1200553178787231,0.3955564796924591,1.1226071119308472,0.9264181852340698,-1.623313546180725,-1.7421200275421143,-1.7260899543762207,-1.7076821327209473
12.4,2001439,-9.72265625,3.5703125,0.46484375,3.6015625,-10.1796875,-4.35546875,-3.50390625,0.6328125,14.7265625,12.9296875,-0.625,16.1328125,0.016977006569504738,-0.19752538204193115,0.1450633853673935,-0.03171010687947273,1.1509493589401245,0.4164191782474518,0.9863806366920471,1.0170320272445679,-1.5499125719070435,-1.739013671875,-1.772646188735962,-1.7245943546295166
12.4,2001489,-10.5,2.546875,0.27734375,0.24609375,-9.48046875,-1.46484375,-0.61328125,-2.5390625,5.78125,20.9765625,-0.3125,16.4453125,0.01062591653317213,-0.19437867403030396,0.1793384701013565,-0.03943801298737526,1.1594181060791016,0.5309818387031555,0.7486740946769714,1.1017611026763916,-1.4369348287582397,-1.7944287061691284,-1.7698850631713867,-1.7192254066467285
12.6,2001540,4.66015625,-0.18359375,-4.19140625,-2.640625,-1.66015625,0.08203125,4.1328125,-3.91015625,-1.40625,22.03125,1.796875,16.25,0.023062322288751602,-0.16457198560237885,0.10250259935855865,-0.04137726500630379,1.1552720069885254,0.6392897963523865,0.526706874370575,1.183093547821045,-1.4315276145935059,-1.7954641580581665,-1.7058414220809937,-1.689926266670227
12.6,2001592,1.2109375,-3.35546875,-8.109375,-1.2421875,0.43359375,-1.69140625,0.76953125,-6.82421875,1.9140625,22.03125,8.4375,15.859375,0.15324723720550537,-0.07988002151250839,-0.03385240584611893,0.007833798415958881,1.100687026977539,0.7183233499526978,0.5332902073860168,1.2202664613723755,-1.7305772304534912,-1.7869889736175537,-1.5897190570831299,-1.6278001070022583
12.8,2001643,1.61328125,0.0,-8.109375,0.58984375,-0.84375,1.44140625,7.58203125,-5.17578125,-0.78125,22.34375,10.8984375,10.1171875,0.21179476380348206,-0.057184357196092606,-0.03618556261062622,0.002527184085920453,0.9587722420692444,0.7786266207695007,0.6019086837768555,1.2142452001571655,-1.76516854763031,-1.7918977737426758,-1.59286367893219,-1.5462307929992676
12.8,2001694,1.3359375,0.9296875,-5.74609375,2.140625,0.9453125,-1.52734375,3.3046875,-5.81640625,-0.546875,21.1328125,11.9140625,1.3671875,0.21651600301265717,-0.050689179450273514,-0.03983855992555618,-0.004275746643543243,0.787551999092102,0.8349036574363708,0.6632787585258484,1.20427405834198,-1.7691951990127563,-1.7818117141723633,-1.591789960861206,-1.4600592851638794
13.0,2001745,0.7734375,4.0078125,-5.83984375,-0.15234375,0.02734375,-2.4296875,3.4453125,-4.31640625,-0.546875,22.6171875,12.03125,-2.5390625,0.20962396264076233,-0.04291059449315071,-0.03337659686803818,-0.0005213971599005163,0.6238653063774109,0.887490451335907,0.719940185546875,1.1858060359954834,-1.7708442211151123,-1.775790810585022,-1.6027194261550903,-1.3822481632232666
13.0,2001795,1.2734375,5.28125,-6.15234375,-1.0859375,0.31640625,-3.83984375,1.73046875,-1.15234375,-0.1953125,23.984375,14.609375,-1.2109375,0.19415152072906494,-0.03140738233923912,-0.017163310199975967,0.015904318541288376,0.5144659280776978,0.9413357973098755,0.7847999334335327,1.1665101051330566,-1.7695403099060059,-1.770767092704773,-1.629986047744751,-1.395632028579712
13.2,2001845,0.8359375,6.4921875,-6.3984375,-1.64453125,0.6484375,-6.30859375,2.3125,0.8828125,-0.5078125,24.6484375,18.4765625,-0.390625,0.17695441842079163,-0.03058074600994587,-0.01212993636727333,-0.006111250724643469,0.4548152983188629,0.997230589389801,0.86217200756073,1.1423152685165405,-1.7641713619232178,-1.7624835968017578,-1.666878342628479,-1.4592539072036743
13.2,2001897,0.8984375,6.5859375,-4.31640625,-2.265625,0.77734375,-7.4140625,1.5234375,0.7890625,0.390625,21.40625,20.703125,0.4296875,0.15055236220359802,-0.03201885521411896,-0.000911605660803616,-0.020287219434976578,0.4429541826248169,1.0489771366119385,0.9390132427215576,1.1334228515625,-1.7479110956192017,-1.7390904426574707,-1.692840814590454,-1.5777922868728638
13.4,2001948,-0.49609375,6.6171875,0.0,-2.94921875,0.453125,-9.16796875,3.99609375,-2.15625,13.4375,16.2109375,22.0703125,-0.6640625,0.15094920992851257,-0.03372061252593994,0.010412665084004402,-0.08759042620658875,0.5025988817214966,1.0853112936019897,0.9956144094467163,1.099491000175476,-1.7779388427734375,-1.7005491256713867,-1.6927257776260376,-1.692764163017273
13.4,2001998,-0.24609375,5.77734375,-0.33984375,-1.1484375,4.453125,-10.4765625,-2.65234375,0.8515625,12.8515625,8.6328125,18.125,-0.1953125,0.15135803818702698,-0.022788535803556442,0.030630875378847122,-0.16761286556720734,0.6017934083938599,1.0963460206985474,1.0638526678085327,0.9924288392066956,-1.8126068115234375,-1.600111722946167,-1.6858994960784912,-1.7509020566940308
13.6,2002049,-2.171875,8.23046875,1.0546875,-1.2734375,4.76171875,-6.40234375,-5.8984375,0.19140625,14.3359375,6.015625,14.6484375,-0.5078125,0.17784839868545532,0.029657995328307152,0.07565943896770477,-0.21510688960552216,0.7007575631141663,1.0956618785858154,1.150297999382019,0.8527120351791382,-1.8142558336257935,-1.4633957147598267,-1.6795337200164795,-1.7542383670806885
13.6,2002099,-0.21484375,-3.38671875,4.59765625,3.5390625,4.3359375,-1.06640625,-5.88671875,2.109375,24.140625,-4.0625,11.484375,0.4296875,0.20171165466308594,0.03289934992790222,0.10803232342004776,-0.22462505102157593,0.7874966859817505,1.1021822690963745,1.2145142555236816,0.6684641242027283,-1.8066242933273315,-1.4274622201919556,-1.6566389799118042,-1.7129744291305542
13.8,2002151,3.5703125,2.328125,3.26171875,-0.58984375,-0.77734375,-1.70703125,-6.58203125,1.234375,21.8359375,0.625,13.984375,-0.1953125,0.11954314261674881,-0.18771667778491974,0.0514506921172142,-0.08832317590713501,0.8576623797416687,1.0759607553482056,1.2292875051498413,0.5509360432624817,-1.8063942193984985,-1.6915369033813477,-1.5789045095443726,-1.6328622102737427
13.8,2002202,7.39453125,-3.5703125,4.78515625,5.52734375,-3.84765625,3.71484375,-6.33984375,0.82421875,24.3359375,-0.4296875,12.5390625,8.125,0.049695584923028946,-0.3000103831291199,0.00945283193141222,0.018299248069524765,0.9202456474304199,0.8768337965011597,1.2235586643218994,0.5856013298034668,-1.7962315082550049,-1.7619084119796753,-1.4837976694107056,-1.616026759147644
14.0,2002252,-1.61328125,-1.2109375,0.02734375,4.44140625,-1.359375,0.40625,-2.9453125,5.9609375,25.15625,-0.9765625,-0.859375,17.421875,0.06578116118907928,-0.31778573989868164,0.03181484714150429,0.04258257523179054,0.9835817217826843,0.6745875477790833,1.208648443222046,0.6467510461807251,-1.8034412860870361,-1.7708054780960083,-1.4172996282577515,-1.6194398403167725
14.0,2002303,-7.05078125,-0.43359375,1.51953125,4.25390625,-7.08203125,0.46484375,0.33984375,3.375,21.6796875,-0.3515625,-0.9765625,17.1875,0.06118709221482277,-0.314003586769104,0.027139903977513313,0.03592831641435623,1.0321747064590454,0.5295523405075073,1.1705957651138306,0.724807858467102,-1.7664339542388916,-1.772646188735962,-1.440577745437622,-1.6437917947769165
14.2,2002353,-8.140625,-1.89453125,1.0234375,7.640625,-6.984375,2.02734375,0.6953125,4.390625,19.5703125,0.1171875,0.078125,19.6875,0.044085871428251266,-0.2706911861896515,0.03741394728422165,0.013506925664842129,1.0744314193725586,0.41881972551345825,1.1554527282714844,0.8159492611885071,-1.7056115865707397,-1.765359878540039,-1.5639480352401733,-1.678689956665039
14.2,2002405,-8.32421875,-1.1796875,2.078125,5.90234375,-7.51953125,0.45703125,-0.00390625,2.7109375,16.2890625,0.625,-0.703125,17.03125,0.037495095282793045,-0.22401292622089386,0.056528784334659576,-0.002767652040347457,1.1149972677230835,0.39372316002845764,1.136776328086853,0.9089585542678833,-1.6374262571334839,-1.7497899532318115,-1.7013161182403564,-1.7064166069030762
14.4,2002455,-10.16015625,2.359375,0.8984375,5.40625,-7.96484375,-4.09375,-0.0859375,0.109375,15.3515625,10.9375,-0.78125,16.484375,0.02687542885541916,-0.19576425850391388,0.12575817108154297,-0.019198846071958542,1.1466829776763916,0.4069998562335968,1.0245918035507202,0.9984561204910278,-1.5665178298950195,-1.7312287092208862,-1.7696932554244995,-1.726588487625122
14.4,2002506,-11.46484375,2.359375,0.02734375,0.9921875,-10.26171875,-3.15234375,-0.19140625,-2.07421875,5.703125,22.03125,-0.859375,16.796875,0.019013505429029465,-0.19896835088729858,0.1811273992061615,-0.03150472790002823,1.159478783607483,0.5147884488105774,0.8129980564117432,1.0844435691833496,-1.4593310356140137,-1.7954641580581665,-1.77249276638031,-1.7245943546295166
14.6,2002556,1.42578125,0.30859375,-2.05078125,-3.26171875,-3.76171875,0.28125,4.57421875,-3.45703125,-4.4140625,22.1484375,1.796875,17.5390625,0.0207784716039896,-0.17601856589317322,0.13172480463981628,-0.0391245074570179,1.1543867588043213,0.6239235401153564,0.5664768218994141,1.1667711734771729,-1.3874640464782715,-1.8026355504989624,-1.7361373901367188,-1.7007793188095093
14.6,2002607,-0.27734375,-5.25,2.296875,-5.3125,1.515625,-0.94140625,0.8125,-5.49609375,2.3828125,21.328125,1.71875,17.421875,0.1244693472981453,-0.10090411454439163,-0.04652555286884308,-0.001164436573162675,1.1166651248931885,0.702325165271759,0.5061900615692139,1.2084251642227173,-1.6877408027648926,-1.7904020547866821,-1.5682048797607422,-1.6433700323104858
14.8,2002658,0.62109375,-0.7109375,-8.88671875,0.65234375,0.0,-0.328125,7.3828125,-5.23046875,-0.8984375,21.171875,10.8984375,11.6796875,0.20521925389766693,-0.059749532490968704,-0.035992447286844254,0.012789241969585419,0.9978753924369812,0.7656596899032593,0.582396924495697,1.2124829292297363,-1.7624456882476807,-1.7933166027069092,-1.5959700345993042,-1.5689334869384766
14.8,2002709,1.48828125,0.8984375,-5.71484375,1.3046875,-2.421875,-0.26953125,6.1953125,-5.0,-0.8984375,21.1328125,11.953125,3.515625,0.21489839255809784,-0.054307594895362854,-0.04427272453904152,-0.0013995327753946185,0.8381129503250122,0.8228951692581177,0.6439721584320068,1.1987015008926392,-1.7692335844039917,-1.7877943515777588,-1.5955097675323486,-1.4783519506454468
15.0,2002759,0.7421875,3.19921875,-5.3125,0.18359375,1.64453125,-2.26953125,3.39453125,-5.24609375,-0.4296875,21.40625,12.4609375,-1.9921875,0.21375881135463715,-0.05033020302653313,-0.04265375807881355,-0.002859964966773987,0.6615637540817261,0.876656711101532,0.7034615874290466,1.1848728656768799,-1.770422339439392,-1.7781685590744019,-1.6052504777908325,-1.3948267698287964
15.0,2002810,1.42578125,5.80859375,-6.3671875,-2.546875,0.6015625,-2.71484375,3.78515625,-1.16796875,-0.3515625,22.9296875,14.375,-0.8203125,0.19914866983890533,-0.03840562701225281,-0.02643800526857376,0.018745675683021545,0.5366832613945007,0.9324666857719421,0.7693402767181396,1.1650117635726929,-1.770652413368225,-1.7718408107757568,-1.630791425704956,-1.4013460874557495
15.2,2002860,0.7109375,6.3046875,-5.77734375,-1.3359375,0.40625,-5.671875,1.92578125,0.61328125,-0.3125,23.1640625,18.046875,-0.5078125,0.18098029494285583,-0.03529054671525955,-0.01783442683517933,-0.00034629087895154953,0.4681760370731354,0.9886018633842468,0.8454179763793945,1.1415727138519287,-1.7655136585235596,-1.7632505893707275,-1.6661112308502197,-1.4562243223190308
15.2,2002912,1.45703125,4.96875,-3.23046875,-4.0703125,0.890625,-7.1015625,4.8125,0.0859375,0.546875,21.5234375,20.625,0.15625,0.154399573802948,-0.035733964294195175,-0.005441916640847921,-0.01304956991225481,0.44785600900650024,1.0420138835906982,0.9220549464225769,1.1345257759094238,-1.7519762516021729,-1.7413913011550903,-1.692840814590454,-1.5722699165344238
15.4,2002962,0.40234375,6.3984375,0.0,-2.078125,-1.58203125,-8.65625,4.60546875,-0.1953125,14.1015625,14.921875,23.59375,-0.390625,0.15431678295135498,-0.0403958261013031,0.004516152665019035,-0.08550708740949631,0.5085180997848511,1.0806734561920166,0.9826713800430298,1.1052557229995728,-1.7823106050491333,-1.7044991254806519,-1.694029688835144,-1.6874334812164307
15.4,2003013,-0.08984375,10.25390625,0.05859375,-2.609375,5.46875,-8.7890625,-0.984375,-0.41015625,12.9296875,9.8828125,16.8359375,-0.2734375,0.1543906033039093,-0.026357093825936317,0.022613974288105965,-0.18564097583293915,0.6129970550537109,1.093446135520935,1.0594805479049683,1.0007197856903076,-1.8162500858306885,-1.6003801822662354,-1.6918821334838867,-1.7485626935958862
15.6,2003063,-3.01171875,10.34375,1.95703125,-1.92578125,4.765625,-4.5546875,-5.3203125,-1.78515625,14.84375,6.3671875,14.765625,-0.8203125,0.19199195504188538,0.03581925854086876,0.0727720707654953,-0.23459352552890778,0.7129217982292175,1.0921021699905396,1.1496871709823608,0.8603710532188416,-1.8162117004394531,-1.4623218774795532,-1.6886991262435913,-1.7539700269699097
15.6,2003114,-0.8046875,-7.45703125,4.44140625,2.703125,4.9375,0.65234375,-6.5625,-0.90234375,23.4765625,-3.046875,10.3515625,0.546875,0.22734591364860535,0.05783907324075699,0.11381009221076965,-0.2546711266040802,0.8017098903656006,1.0993071794509888,1.2213693857192993,0.6748305559158325,-1.8067009449005127,-1.3949034214019775,-1.670022964477539,-1.7173079252243042
15.8,2003165,1.80078125,-1.55078125,3.4453125,5.87109375,0.015625,-5.859375,-6.390625,1.5390625,22.34375,0.5078125,13.90625,0.8203125,0.1521386057138443,-0.14149296283721924,0.0676664486527443,-0.17715628445148468,0.873626172542572,1.0970340967178345,1.2388157844543457,0.5400412678718567,-1.806509256362915,-1.6212422847747803,-1.596506953239441,-1.647051453590393
15.8,2003217,11.7109375,0.24609375,5.15625,-1.0234375,-0.76171875,0.1171875,-5.28515625,3.078125,21.953125,-0.1171875,14.921875,3.9453125,0.0771334320306778,-0.31272241473197937,0.020103245973587036,0.013448442332446575,0.9314016103744507,0.9241088628768921,1.2306276559829712,0.5323169827461243,-1.7952728271484375,-1.7586487531661987,-1.4939218759536743,-1.5802850723266602
16.0,2003267,-0.65234375,-1.83203125,0.21484375,4.90625,-3.9296875,1.39453125,-4.109375,5.12890625,22.1875,-0.546875,-2.1484375,18.671875,0.09420499950647354,-0.3198932707309723,0.0333496518433094,0.027880942448973656,0.9942114353179932,0.7047967314720154,1.2206556797027588,0.5979989171028137,-1.7953494787216187,-1.7716107368469238,-1.4214413166046143,-1.5952414274215698
16.0,2003318,-6.86328125,-0.65234375,0.8046875,5.0,-7.546875,0.96875,0.43359375,4.37890625,21.4453125,-0.5078125,-0.5078125,17.7734375,0.09402413666248322,-0.32587122917175293,0.02494843490421772,0.025418149307370186,1.0417863130569458,0.5470258593559265,1.1755110025405884,0.6665884852409363,-1.761985421180725,-1.7764043807983398,-1.4283826351165771,-1.6152598857879639
16.2,2003369,-9.1328125,-1.89453125,2.234375,8.35546875,-7.80859375,1.99609375,0.4609375,6.0703125,17.6171875,-0.078125,-0.46875,20.15625,0.07665707916021347,-0.28470051288604736,0.029924901202321053,-0.0011383452219888568,1.0798243284225464,0.4311487376689911,1.1583527326583862,0.7538235783576965,-1.692342758178711,-1.7723010778427124,-1.5329999923706055,-1.6498510837554932
16.2,2003420,-8.35546875,-0.7109375,1.0546875,7.39453125,-7.31640625,0.39453125,-0.5546875,5.16015625,14.4921875,0.8984375,-0.6640625,17.1484375,0.06707216054201126,-0.24021559953689575,0.05657699704170227,-0.023656155914068222,1.1138238906860352,0.39444223046302795,1.1521410942077637,0.8485354781150818,-1.6103514432907104,-1.7618317604064941,-1.676849126815796,-1.685592770576477
16.4,2003471,-10.16015625,-0.8359375,2.171875,6.89453125,-10.27734375,0.50390625,-0.23046875,2.5390625,13.9453125,1.1328125,-0.3125,16.4453125,0.061473067849874496,-0.19534911215305328,0.11370038241147995,-0.03866095468401909,1.1424281597137451,0.3958914875984192,1.0582534074783325,0.9473928213119507,-1.5228761434555054,-1.7191486358642578,-1.7671239376068115,-1.7158122062683105
16.4,2003522,-12.0234375,2.484375,-0.58984375,0.43359375,-8.75,-2.640625,-4.34765625,0.4765625,5.4296875,24.6875,-0.78125,17.03125,0.05130092427134514,-0.2012333869934082,0.18092532455921173,-0.05718637630343437,1.1579567193984985,0.4836076498031616,0.8560848236083984,1.0418401956558228,-1.4189873933792114,-1.776289463043213,-1.773336410522461,-1.7282373905181885
16.6,2003572,-1.0234375,1.39453125,-3.26171875,-3.04296875,-5.1875,0.69140625,3.53515625,-2.828125,-5.78125,23.8671875,2.5,17.421875,0.04782358184456825,-0.17503584921360016,0.15043601393699646,-0.06543123722076416,1.1515707969665527,0.6031829714775085,0.597574770450592,1.1348977088928223,-1.309346079826355,-1.8050131797790527,-1.7569612264633179,-1.7151219844818115
16.6,2003623,0.33984375,-5.34375,2.05078125,-5.15625,2.7109375,-2.6875,1.33984375,-5.578125,3.671875,20.8984375,6.171875,17.03125,0.12299337238073349,-0.10673145949840546,-0.03473636135458946,-0.029866382479667664,1.121290683746338,0.6937556862831116,0.5162220001220703,1.1984810829162598,-1.647358775138855,-1.7906321287155151,-1.5658272504806519,-1.6704448461532593
16.8,2003674,-0.08984375,-0.46484375,-10.28125,2.109375,0.12109375,-0.6796875,5.40625,-5.47265625,0.0,22.0703125,11.875,11.1328125,0.21151041984558105,-0.07001946121454239,-0.019574057310819626,-0.013420258648693562,1.0011131763458252,0.762506902217865,0.6065568923950195,1.2152159214019775,-1.7624073028564453,-1.7881394624710083,-1.5951646566390991,-1.6034481525421143
16.8,2003725,1.2109375,1.1796875,-8.29296875,1.73828125,0.32421875,-0.828125,4.75390625,-4.5625,-0.625,20.8203125,10.546875,5.1953125,0.2188286930322647,-0.06285317242145538,-0.02719520404934883,-0.025008730590343475,0.828791618347168,0.8193720579147339,0.6651836633682251,1.2006428241729736,-1.7688883543014526,-1.7812365293502808,-1.5906010866165161,-1.5093767642974854
17.0,2003775,1.0234375,3.5390625,-6.98828125,1.1796875,1.28125,-1.875,1.8359375,-4.5078125,-0.546875,22.03125,10.546875,-0.5078125,0.21223625540733337,-0.05580644682049751,-0.023803118616342545,-0.023641707375645638,0.6654840111732483,0.8716475367546082,0.7202860713005066,1.1847751140594482,-1.7698088884353638,-1.7738734483718872,-1.5949345827102661,-1.4225918054580688
17.0,2003828,1.2109375,5.74609375,-7.05078125,-1.42578125,-0.54296875,-2.77734375,2.60546875,-2.1484375,-0.46875,23.828125,12.3828125,-1.25,0.19616486132144928,-0.0450320802628994,-0.01165029313415289,-0.0013502263464033604,0.5384471416473389,0.9274469614028931,0.7842358350753784,1.165804147720337,-1.7713427543640137,-1.771227240562439,-1.6180593967437744,-1.3961305618286133
17.2,2003883,1.0234375,6.8359375,-7.11328125,-1.76953125,0.9765625,-6.00390625,2.50390625,0.0,-0.234375,24.84375,18.125,-0.15625,0.1806221455335617,-0.043344493955373764,-0.007888616062700748,-0.008328881114721298,0.46314212679862976,0.9880990982055664,0.8656457662582397,1.1431667804718018,-1.7653601169586182,-1.7675074338912964,-1.6545296907424927,-1.4492063522338867
17.2,2003956,0.55859375,7.640625,-5.52734375,-2.671875,0.7421875,-6.4921875,-0.671875,0.98046875,0.625,21.953125,18.8671875,0.078125,0.1511518508195877,-0.04486594349145889,-0.002758546033874154,-0.027094533666968346,0.44241517782211304,1.054871916770935,0.9629437923431396,1.1325010061264038,-1.7568466663360596,-1.7380166053771973,-1.6844040155410767,-1.5676679611206055
17.4,2004026,-0.40234375,7.33203125,0.08984375,-2.79296875,-3.37109375,-7.1796875,0.75390625,-0.69140625,17.8515625,12.8125,19.6484375,-1.1328125,0.15327416360378265,-0.04558499529957771,0.010186882689595222,-0.10029233247041702,0.5408288836479187,1.0881972312927246,1.0333638191223145,1.1088271141052246,-1.8267194032669067,-1.6632733345031738,-1.671902060508728,-1.6964839696884155
17.4,2004102,0.24609375,8.046875,2.640625,-1.2734375,4.359375,-6.90234375,-4.79296875,-0.32421875,18.515625,-3.3203125,19.4140625,0.234375,0.1557796746492386,-0.014085521921515465,0.03574485331773758,-0.2205970287322998,0.6831875443458557,1.0860886573791504,1.1465827226638794,0.9828622341156006,-1.8457024097442627,-1.4869039058685303,-1.6654592752456665,-1.7718408107757568
17.6,2004155,-3.7890625,5.34375,5.49609375,0.7421875,6.234375,0.21484375,-5.63671875,-0.65625,21.40625,0.703125,12.7734375,-0.7421875,0.19865328073501587,0.03919633850455284,0.08385665714740753,-0.2568933963775635,0.774914026260376,1.0869041681289673,1.2020059823989868,0.8371118307113647,-1.8492306470870972,-1.3866583108901978,-1.6365437507629395,-1.7599525451660156
17.6,2004216,2.76171875,-4.69140625,6.95703125,-0.12109375,4.5,0.37109375,-6.0703125,-0.609375,25.46875,-0.1953125,12.3046875,0.0,0.17165109515190125,-0.023842737078666687,0.07195652276277542,-0.19184407591819763,0.8654643893241882,1.1034997701644897,1.2405422925949097,0.6044877767562866,-1.8491538763046265,-1.481918454170227,-1.5748777389526367,-1.70986807346344
17.8,2004266,5.49609375,2.82421875,3.5390625,-1.95703125,-5.0,-0.90234375,-7.33984375,2.6484375,24.84375,0.546875,16.171875,-0.234375,0.09951886534690857,-0.22583739459514618,0.022499268874526024,-0.058724597096443176,0.9267159700393677,1.049818992614746,1.243162989616394,0.5269749164581299,-1.8467378616333008,-1.7180747985839844,-1.4899336099624634,-1.6518068313598633
17.8,2004317,5.34375,-3.13671875,2.734375,5.375,-4.953125,-2.48828125,-8.29296875,2.640625,24.140625,-1.0546875,3.7109375,15.9375,0.04680711030960083,-0.3046126067638397,-0.005059517920017242,0.038504648953676224,0.9838336706161499,0.8681991696357727,1.224120020866394,0.5802337527275085,-1.8286752700805664,-1.7658967971801758,-1.3870800733566284,-1.6437535285949707
18.0,2004367,-5.46875,0.08984375,1.45703125,2.109375,-7.33984375,-0.5625,-1.2265625,7.1875,25.78125,-0.703125,-1.5625,19.6875,0.05828772857785225,-0.3156135678291321,0.002117116004228592,0.05056406930088997,1.0370060205459595,0.6513631939888,1.1956655979156494,0.6450150012969971,-1.8221558332443237,-1.7716491222381592,-1.3588932752609253,-1.655756950378418
18.0,2004419,-7.11328125,-0.15234375,2.453125,4.72265625,-7.4609375,-1.7734375,1.0390625,8.0859375,19.0234375,0.0,-5.3125,22.421875,0.0457143560051918,-0.29268336296081543,0.007666633930057287,0.02962488681077957,1.0733882188796997,0.515480101108551,1.1519529819488525,0.7287531495094299,-1.758840799331665,-1.7705752849578857,-1.448899507522583,-1.689120888710022
18.2,2004469,-7.08203125,-1.45703125,1.3359375,4.90625,-6.56640625,1.8984375,0.69921875,9.0859375,14.765625,1.015625,0.3515625,21.015625,0.034654561430215836,-0.24510516226291656,0.028536923229694366,0.009838931262493134,1.1011666059494019,0.4093671441078186,1.1504178047180176,0.8111435770988464,-1.6813364028930664,-1.7556958198547363,-1.6310981512069702,-1.7141633033752441
18.2,2004520,-8.66796875,3.04296875,0.8359375,2.01953125,-7.1953125,-4.75390625,-0.7734375,5.5078125,11.875,12.8515625,-0.1171875,18.1640625,0.02919057570397854,-0.2191527932882309,0.10769958049058914,-0.002226718235760927,1.128143548965454,0.42628026008605957,1.0720940828323364,0.9031097292900085,-1.592748999595642,-1.762675404548645,-1.7521291971206665,-1.73782479763031
18.4,2004570,-10.875,2.05078125,-0.37109375,-0.46484375,-7.171875,-4.234375,-0.8125,2.76953125,3.0859375,22.96875,-0.9765625,18.3203125,0.02981375716626644,-0.20553462207317352,0.1863909512758255,-0.00522633595392108,1.137894868850708,0.5279081463813782,0.8687514066696167,0.994825541973114,-1.4747475385665894,-1.807889461517334,-1.7714574337005615,-1.740432620048523
18.4,2004621,-2.82421875,1.70703125,-0.40234375,-4.56640625,-5.23828125,-0.3046875,2.1015625,0.30078125,-5.15625,21.09375,1.0546875,19.1796875,0.025773154571652412,-0.18130332231521606,0.16788697242736816,-0.010567464865744114,1.1236112117767334,0.639781653881073,0.6097741723060608,1.0938751697540283,-1.3371495008468628,-1.8083113431930542,-1.7651680707931519,-1.733644723892212
18.6,2004672,1.0859375,-3.9140625,2.703125,-6.5546875,2.25390625,-4.70703125,2.140625,-2.92578125,3.59375,19.6875,-0.46875,21.4453125,0.08660762012004852,-0.12962104380130768,0.03861551731824875,0.01770578697323799,1.1154571771621704,0.7171260118484497,0.47735732793807983,1.159471869468689,-1.6269950866699219,-1.7835757732391357,-1.640302062034607,-1.695793867111206
18.6,2004723,1.0859375,-4.44140625,-7.11328125,-3.01171875,-4.31640625,-2.75390625,8.01171875,-4.47265625,-0.078125,21.0546875,10.7421875,18.4765625,0.19246886670589447,-0.041157886385917664,-0.05771491676568985,0.07121726870536804,1.0607258081436157,0.7765304446220398,0.5098733305931091,1.1809430122375488,-1.7559261322021484,-1.7648613452911377,-1.601990818977356,-1.631174921989441
18.8,2004773,1.86328125,-1.58203125,-5.55859375,-0.05859375,0.73046875,-1.85546875,9.89453125,-2.34375,-0.7421875,20.8203125,14.453125,7.5390625,0.20682157576084137,-0.036046650260686874,-0.06112363934516907,0.053881507366895676,0.8882331848144531,0.8277732729911804,0.5725222229957581,1.1744219064712524,-1.7648617029190063,-1.7688881158828735,-1.6078583002090454,-1.5602666139602661
18.8,2004824,0.7109375,2.296875,-3.10546875,-0.05859375,1.8515625,-4.33984375,5.81640625,-2.890625,-0.2734375,20.1171875,15.5078125,-0.15625,0.21065571904182434,-0.03923308104276657,-0.06837272644042969,0.04265475645661354,0.7110090851783752,0.876872718334198,0.6331741213798523,1.1690406799316406,-1.768466591835022,-1.7540082931518555,-1.6170238256454468,-1.4878243207931519
19.0,2004874,1.0859375,4.0078125,-2.734375,-1.73828125,0.546875,-4.85546875,4.65234375,0.96875,-0.1953125,18.984375,17.265625,-0.9375,0.20009541511535645,-0.031886208802461624,-0.05728622153401375,0.054207272827625275,0.5732128024101257,0.9241986274719238,0.6984533071517944,1.1454294919967651,-1.7704991102218628,-1.7332228422164917,-1.6445971727371216,-1.4755141735076904
19.0,2004926,0.9296875,5.58984375,-4.12890625,-2.453125,1.3203125,-7.42578125,5.17578125,0.88671875,-0.15625,18.5546875,21.640625,-0.5859375,0.18154355883598328,-0.02385677397251129,-0.03806297853589058,0.04529998078942299,0.5023915767669678,0.9746159911155701,0.7768061757087708,1.1363970041275024,-1.767967939376831,-1.7101749181747437,-1.6852476596832275,-1.5290883779525757
19.2,2004976,1.1796875,4.0390625,-2.703125,-3.8515625,1.43359375,-8.27734375,9.8046875,0.03515625,0.6640625,16.3671875,23.515625,-0.3125,0.15455618500709534,-0.023773707449436188,-0.01989324949681759,-0.002782923635095358,0.4878479242324829,1.0192910432815552,0.8405011892318726,1.133147954940796,-1.7454568147659302,-1.6910001039505005,-1.7110185623168945,-1.6169087886810303
19.2,2005027,0.37109375,5.65234375,0.8984375,-0.68359375,0.21484375,-9.546875,9.234375,-0.4921875,15.8984375,10.703125,22.5,-0.3515625,0.1505046933889389,-0.03078475221991539,-0.013447652570903301,-0.1075926423072815,0.5676119327545166,1.0556976795196533,0.8974505066871643,1.0912913084030151,-1.8109195232391357,-1.653839349746704,-1.7147384881973267,-1.7039239406585693
19.4,2005078,0.24609375,8.29296875,1.61328125,-2.05078125,1.01171875,-7.44921875,4.21484375,1.33203125,15.7421875,4.7265625,19.6484375,0.3515625,0.15258125960826874,-0.010250844061374664,0.004709817003458738,-0.20468445122241974,0.6651025414466858,1.067237138748169,0.9785641431808472,0.9867619276046753,-1.835079550743103,-1.5507559776306152,-1.7150068283081055,-1.7606812715530396
19.4,2005128,-2.421875,9.87890625,2.484375,-1.70703125,-0.23046875,-3.03125,0.01953125,0.20703125,17.265625,3.828125,17.1484375,-0.8203125,0.20169946551322937,0.056901704519987106,0.057719603180885315,-0.26147329807281494,0.7643213272094727,1.065905213356018,1.0732501745224,0.8543177247047424,-1.8301324844360352,-1.4154971837997437,-1.7153136730194092,-1.7612180709838867
19.6,2005192,1.3359375,-2.359375,6.8046875,0.8671875,-3.5234375,1.37890625,-2.2109375,0.515625,21.4453125,-0.6640625,11.796875,-0.078125,0.22675704956054688,0.08424361050128937,0.09203284233808517,-0.26857173442840576,0.8702356815338135,1.0846045017242432,1.1644337177276611,0.6462391018867493,-1.8061641454696655,-1.3453558683395386,-1.6905015707015991,-1.7139331102371216
19.6,2005262,5.52734375,-1.42578125,6.5859375,0.0,-3.28515625,-0.55859375,-6.328125,0.6015625,27.3828125,-0.5859375,10.0,0.2734375,0.17370697855949402,-0.08842024207115173,0.06695368885993958,-0.19965969026088715,0.970542848110199,1.0961545705795288,1.238317608833313,0.5273047089576721,-1.7847650051116943,-1.4846413135528564,-1.6437534093856812,-1.6536860466003418
19.8,2005318,5.99609375,1.67578125,2.79296875,-2.484375,-8.0078125,1.15234375,-4.67578125,1.78515625,21.9140625,1.1328125,13.515625,0.1171875,0.1223251223564148,-0.28809022903442383,0.05075889453291893,-0.06165936589241028,1.0311208963394165,0.9844524264335632,1.2574477195739746,0.4901237189769745,-1.7744873762130737,-1.7405860424041748,-1.5670543909072876,-1.5582339763641357
19.8,2005391,-0.8671875,-1.67578125,-1.48828125,5.87109375,-9.9609375,1.96875,-0.23046875,4.77734375,21.484375,-0.078125,-3.2421875,19.765625,0.14148551225662231,-0.3284483850002289,0.04583283141255379,-0.012167873792350292,1.0814045667648315,0.713358998298645,1.2023760080337524,0.5549962520599365,-1.763404369354248,-1.77920401096344,-1.433444619178772,-1.574110746383667
20.0,2005460,-11.27734375,1.89453125,1.67578125,7.984375,-8.84375,-7.0546875,1.1796875,16.578125,19.765625,-0.3515625,-0.5859375,20.9765625,0.15522648394107819,-0.32680410146713257,0.009485497139394283,-0.012667992152273655,1.1027461290359497,0.596770167350769,1.1536798477172852,0.606329619884491,-1.6939916610717773,-1.7821952104568481,-1.4991759061813354,-1.5976574420928955
20.0,2005511,-9.81640625,-1.2109375,3.9140625,9.1640625,-5.6328125,1.74609375,-1.01171875,14.15234375,14.6484375,0.3125,0.15625,21.9921875,0.1325988918542862,-0.2626367211341858,0.03667612746357918,-0.04723323509097099,1.1064486503601074,0.43824365735054016,1.1517813205718994,0.6937106847763062,-1.5660192966461182,-1.7680059671401978,-1.662659764289856,-1.646246075630188
20.2,2005561,-9.97265625,1.76953125,-0.7109375,5.15625,-4.68359375,-5.8046875,0.09375,9.46875,5.0390625,15.15625,-0.234375,20.9375,0.12325476109981537,-0.2266538143157959,0.14386659860610962,-0.06911013275384903,1.1091946363449097,0.43079888820648193,1.048843502998352,0.814969539642334,-1.4230140447616577,-1.779434084892273,-1.7617932558059692,-1.7064933776855469
20.2,2005612,-12.0546875,1.3359375,0.55859375,-1.48828125,-6.73828125,-3.375,-1.17578125,6.79296875,-0.3125,25.625,-0.78125,20.234375,0.12446297705173492,-0.18119575083255768,0.18457722663879395,-0.060337133705616,1.1062674522399902,0.5464134812355042,0.8164476156234741,0.9233289957046509,-1.2762120962142944,-1.8299787044525146,-1.7713806629180908,-1.725553035736084
20.4,2005663,2.85546875,-0.24609375,-2.98046875,-5.15625,-2.98046875,-3.0390625,3.53125,5.5390625,-5.625,24.6484375,2.890625,21.71875,0.0968039333820343,-0.14705432951450348,0.13141347467899323,-0.054679207503795624,1.110899567604065,0.6579239368438721,0.5799384117126465,1.0268702507019043,-1.2626363039016724,-1.8244563341140747,-1.7372496128082275,-1.724134087562561
20.4,2005714,0.9609375,-4.84375,1.61328125,-3.9453125,0.29296875,-7.5859375,5.11328125,-2.6015625,1.9921875,19.1796875,-0.859375,23.28125,0.16021281480789185,-0.0886823907494545,-0.03092346154153347,-0.023180827498435974,1.101940631866455,0.7412254214286804,0.512705385684967,1.114522933959961,-1.6274936199188232,-1.779740810394287,-1.5760282278060913,-1.7025816440582275
20.6,2005765,0.62109375,-1.73828125,-7.765625,1.64453125,-0.53125,-4.41796875,7.76953125,-1.73828125,-0.15625,19.6875,10.859375,17.734375,0.21238474547863007,-0.04771764203906059,-0.04017603397369385,-0.011156334541738033,1.0067577362060547,0.8022458553314209,0.6033570766448975,1.1477687358856201,-1.7488698959350586,-1.759262204170227,-1.6061325073242188,-1.6503880023956299
20.6,2005815,0.9921875,-0.15234375,-6.7421875,1.73828125,0.33984375,-3.91015625,7.1640625,0.33203125,-0.859375,18.7109375,11.6796875,7.5390625,0.21141044795513153,-0.04216839745640755,-0.057348333299160004,-0.034501057118177414,0.8581799864768982,0.8458319306373596,0.6593008637428284,1.133484125137329,-1.763327717781067,-1.752819538116455,-1.6046369075775146,-1.5700840950012207
