x_value,FL0_torque,FR0_torque,RL0_torque,RR0_torque,FL1_torque,FR1_torque,RL1_torque,RR1_torque,FL2_torque,FR2_torque,RL2_torque,RR2_torque,FL0_pos,FR0_pos,RL0_pos,RR0_pos,FL1_pos,FR1_pos,RL1_pos,RR1_pos,FL2_pos,FR2_pos,RL2_pos,RR2_pos
-0.2,0,-0.6162775754928589,0,0,0,0,0,0,0,0,0,0,0,1000000000.0,0,0,0,0,0,0,0,0,0,0
0.0,0,-0.6151989698410034,0,0,0,0,0,0,0,0,0,0,0,1000000000.0,0,0,0,0,0,0,0,0,0,0
0.0,0,-0.6143600344657898,0,0,0,0,0,0,0,0,0,0,0,1000000000.0,0,0,0,0,0,0,0,0,0,0
0.2,0,-0.6125624179840088,0,0,0,0,0,0,0,0,0,0,0,1000000000.0,0,0,0,0,0,0,0,0,0,0
0.2,0,-0.6117235422134399,0,0,0,0,0,0,0,0,0,0,0,1000000000.0,0,0,0,0,0,0,0,0,0,0
0.4,0,-0.6112442016601562,0,0,0,0,0,0,0,0,0,0,0,1000000000.0,0,0,0,0,0,0,0,0,0,0
0.4,0,-0.6100457310676575,0,0,0,0,0,0,0,0,0,0,0,1000000000.0,0,0,0,0,0,0,0,0,0,0
0.6,0,-0.6092069149017334,0,0,0,0,0,0,0,0,0,0,0,1000000000.0,0,0,0,0,0,0,0,0,0,0
0.6,0,-0.607169508934021,0,0,0,0,0,0,0,0,0,0,0,1000000000.0,0,0,0,0,0,0,0,0,0,0
0.8,0,-0.5907511115074158,0,0,0,0,0,0,0,0,0,0,0,1000000000.0,0,0,0,0,0,0,0,0,0,0
0.8,0,-0.5862467288970947,0,0,0,0,0,0,0,0,0,0,0,1000000000.0,0,0,0,0,0,0,0,0,0,0
1.0,0,-0.5889534950256348,0,0,0,0,0,0,0,0,0,0,0,1000000000.0,0,0,0,0,0,0,0,0,0,0
1.0,0,-0.6464205980300903,0,0,0,0,0,0,0,0,0,0,0,1000000000.0,0,0,0,0,0,0,0,0,0,0
1.2,0,-0.5883543491363525,0,0,0,0,0,0,0,0,0,0,0,1000000000.0,0,0,0,0,0,0,0,0,0,0
1.2,0,-0.5877550840377808,0,0,0,0,0,0,0,0,0,0,0,1000000000.0,0,0,0,0,0,0,0,0,0,0
1.4,0,-0.5873955488204956,0,0,0,0,0,0,0,0,0,0,0,1000000000.0,0,0,0,0,0,0,0,0,0,0
1.4,0,-0.5870360732078552,0,0,0,0,0,0,0,0,0,0,0,1000000000.0,0,0,0,0,0,0,0,0,0,0
1.6,0,-0.5866765379905701,0,0,0,0,0,0,0,0,0,0,0,1000000000.0,0,0,0,0,0,0,0,0,0,0
1.6,0,-0.5864368677139282,0,0,0,0,0,0,0,0,0,0,0,1000000000.0,0,0,0,0,0,0,0,0,0,0
1.8,0,-0.5861971378326416,0,0,0,0,0,0,0,0,0,0,0,1000000000.0,0,0,0,0,0,0,0,0,0,0
1.8,0,-0.5861971378326416,0,0,0,0,0,0,0,0,0,0,0,1000000000.0,0,0,0,0,0,0,0,0,0,0
2.0,0,-0.5860773324966431,0,0,0,0,0,0,0,0,0,0,0,1000000000.0,0,0,0,0,0,0,0,0,0,0
2.0,0,-0.5859574675559998,0,0,0,0,0,0,0,0,0,0,0,1000000000.0,0,0,0,0,0,0,0,0,0,0
2.2,0,-0.5855978727340698,0,0,0,0,0,0,0,0,0,0,0,1000000000.0,0,0,0,0,0,0,0,0,0,0
2.2,0,-0.5853582620620728,0,0,0,0,0,0,0,0,0,0,0,1000000000.0,0,0,0,0,0,0,0,0,0,0
2.4,0,-0.585358202457428,0,0,0,0,0,0,0,0,0,0,0,1000000000.0,0,0,0,0,0,0,0,0,0,0
2.4,0,-0.585358202457428,0,0,0,0,0,0,0,0,0,0,0,1000000000.0,0,0,0,0,0,0,0,0,0,0
2.6,0,-0.585358202457428,0,0,0,0,0,0,0,0,0,0,0,1000000000.0,0,0,0,0,0,0,0,0,0,0
2.6,0,-0.5851185917854309,0,0,0,0,0,0,0,0,0,0,0,1000000000.0,0,0,0,0,0,0,0,0,0,0
2.8,0,-0.5849987268447876,0,0,0,0,0,0,0,0,0,0,0,1000000000.0,0,0,0,0,0,0,0,0,0,0
2.8,0,-0.5864629745483398,0,0,0,0,0,0,0,0,0,0,0,1000000000.0,0,0,0,0,0,0,0,0,0,0
3.0,0,-0.5848788619041443,0,0,0,0,0,0,0,0,0,0,0,1000000000.0,0,0,0,0,0,0,0,0,0,0
3.0,0,-0.5848788619041443,0,0,0,0,0,0,0,0,0,0,0,1000000000.0,0,0,0,0,0,0,0,0,0,0
3.2,0,-0.5847590565681458,0,0,0,0,0,0,0,0,0,0,0,1000000000.0,0,0,0,0,0,0,0,0,0,0
3.2,0,-0.5848788619041443,0,0,0,0,0,0,0,0,0,0,0,1000000000.0,0,0,0,0,0,0,0,0,0,0
3.4,0,-0.5847590565681458,0,0,0,0,0,0,0,0,0,0,0,1000000000.0,0,0,0,0,0,0,0,0,0,0
3.4,0,-0.5847590565681458,0,0,0,0,0,0,0,0,0,0,0,1000000000.0,0,0,0,0,0,0,0,0,0,0
3.6,0,-0.5847590565681458,0,0,0,0,0,0,0,0,0,0,0,1000000000.0,0,0,0,0,0,0,0,0,0,0
3.6,0,-0.5846391916275024,0,0,0,0,0,0,0,0,0,0,0,1000000000.0,0,0,0,0,0,0,0,0,0,0
3.8,0,-0.5846391916275024,0,0,0,0,0,0,0,0,0,0,0,1000000000.0,0,0,0,0,0,0,0,0,0,0
3.8,0,-1.0359474420547485,0,0,0,0,0,0,0,0,0,0,0,1000000000.0,0,0,0,0,0,0,0,0,0,0
4.0,0,-1.392090916633606,0,0,0,0,0,0,0,0,0,0,0,1000000000.0,0,0,0,0,0,0,0,0,0,0
4.0,0,-1.4486638307571411,0,0,0,0,0,0,0,0,0,0,0,1000000000.0,0,0,0,0,0,0,0,0,0,0
4.2,0,-1.480100393295288,0,0,0,0,0,0,0,0,0,0,0,1000000000.0,0,0,0,0,0,0,0,0,0,0
4.2,0,-1.479860782623291,0,0,0,0,0,0,0,0,0,0,0,1000000000.0,0,0,0,0,0,0,0,0,0,0
4.4,0,-0.6943527460098267,0,0,0,0,0,0,0,0,0,0,0,1000000000.0,0,0,0,0,0,0,0,0,0,0
4.4,0,-0.574212908744812,0,0,0,0,0,0,0,0,0,0,0,1000000000.0,0,0,0,0,0,0,0,0,0,0
4.6,0,-0.493439257144928,0,0,0,0,0,0,0,0,0,0,0,1000000000.0,0,0,0,0,0,0,0,0,0,0
4.6,0,-0.493439257144928,0,0,0,0,0,0,0,0,0,0,0,1000000000.0,0,0,0,0,0,0,0,0,0,0
4.8,0,-0.49331939220428467,0,0,0,0,0,0,0,0,0,0,0,1000000000.0,0,0,0,0,0,0,0,0,0,0
4.8,0,-0.4935590922832489,0,0,0,0,0,0,0,0,0,0,0,1000000000.0,0,0,0,0,0,0,0,0,0,0
5.0,0,-0.493439257144928,0,0,0,0,0,0,0,0,0,0,0,1000000000.0,0,0,0,0,0,0,0,0,0,0
5.0,0,-0.49331939220428467,0,0,0,0,0,0,0,0,0,0,0,1000000000.0,0,0,0,0,0,0,0,0,0,0
5.2,0,-0.49331939220428467,0,0,0,0,0,0,0,0,0,0,0,1000000000.0,0,0,0,0,0,0,0,0,0,0
5.2,0,-0.493439257144928,0,0,0,0,0,0,0,0,0,0,0,1000000000.0,0,0,0,0,0,0,0,0,0,0
5.4,0,-0.493439257144928,0,0,0,0,0,0,0,0,0,0,0,1000000000.0,0,0,0,0,0,0,0,0,0,0
5.4,0,-0.49331939220428467,0,0,0,0,0,0,0,0,0,0,0,1000000000.0,0,0,0,0,0,0,0,0,0,0
5.6,0,-0.493439257144928,0,0,0,0,0,0,0,0,0,0,0,1000000000.0,0,0,0,0,0,0,0,0,0,0
5.6,0,-0.493439257144928,0,0,0,0,0,0,0,0,0,0,0,1000000000.0,0,0,0,0,0,0,0,0,0,0
5.8,0,-0.4916416108608246,0,0,0,0,0,0,0,0,0,0,0,1000000000.0,0,0,0,0,0,0,0,0,0,0
5.8,0,-0.49152177572250366,0,0,0,0,0,0,0,0,0,0,0,1000000000.0,0,0,0,0,0,0,0,0,0,0
6.0,0,-0.49152177572250366,0,0,0,0,0,0,0,0,0,0,0,1000000000.0,0,0,0,0,0,0,0,0,0,0
6.0,0,-0.49152177572250366,0,0,0,0,0,0,0,0,0,0,0,1000000000.0,0,0,0,0,0,0,0,0,0,0
6.2,0,-0.49152177572250366,0,0,0,0,0,0,0,0,0,0,0,1000000000.0,0,0,0,0,0,0,0,0,0,0
6.2,0,-0.49152177572250366,0,0,0,0,0,0,0,0,0,0,0,1000000000.0,0,0,0,0,0,0,0,0,0,0
6.4,0,-0.49200114607810974,0,0,0,0,0,0,0,0,0,0,0,1000000000.0,0,0,0,0,0,0,0,0,0,0
6.4,0,-0.4917614459991455,0,0,0,0,0,0,0,0,0,0,0,1000000000.0,0,0,0,0,0,0,0,0,0,0
6.6,0,-0.4917614459991455,0,0,0,0,0,0,0,0,0,0,0,1000000000.0,0,0,0,0,0,0,0,0,0,0
6.6,0,-0.4917614459991455,0,0,0,0,0,0,0,0,0,0,0,1000000000.0,0,0,0,0,0,0,0,0,0,0
6.8,0,-0.4917614459991455,0,0,0,0,0,0,0,0,0,0,0,1000000000.0,0,0,0,0,0,0,0,0,0,0
6.8,0,-0.4917614459991455,0,0,0,0,0,0,0,0,0,0,0,1000000000.0,0,0,0,0,0,0,0,0,0,0
7.0,0,-0.4917614459991455,0,0,0,0,0,0,0,0,0,0,0,1000000000.0,0,0,0,0,0,0,0,0,0,0
7.0,0,-0.4917614459991455,0,0,0,0,0,0,0,0,0,0,0,1000000000.0,0,0,0,0,0,0,0,0,0,0
7.2,0,-0.4916416108608246,0,0,0,0,0,0,0,0,0,0,0,1000000000.0,0,0,0,0,0,0,0,0,0,0
7.2,0,-0.4917614459991455,0,0,0,0,0,0,0,0,0,0,0,1000000000.0,0,0,0,0,0,0,0,0,0,0
7.4,0,-0.4917614459991455,0,0,0,0,0,0,0,0,0,0,0,1000000000.0,0,0,0,0,0,0,0,0,0,0
7.4,0,-0.4917614459991455,0,0,0,0,0,0,0,0,0,0,0,1000000000.0,0,0,0,0,0,0,0,0,0,0
7.6,0,-0.4916416108608246,0,0,0,0,0,0,0,0,0,0,0,1000000000.0,0,0,0,0,0,0,0,0,0,0
7.6,0,-0.4916416108608246,0,0,0,0,0,0,0,0,0,0,0,1000000000.0,0,0,0,0,0,0,0,0,0,0
7.8,0,-0.4917614459991455,0,0,0,0,0,0,0,0,0,0,0,1000000000.0,0,0,0,0,0,0,0,0,0,0
7.8,0,-0.4916416108608246,0,0,0,0,0,0,0,0,0,0,0,1000000000.0,0,0,0,0,0,0,0,0,0,0
8.0,0,-0.4916416108608246,0,0,0,0,0,0,0,0,0,0,0,1000000000.0,0,0,0,0,0,0,0,0,0,0
8.0,0,-0.4917614459991455,0,0,0,0,0,0,0,0,0,0,0,1000000000.0,0,0,0,0,0,0,0,0,0,0
8.2,0,-0.4917614459991455,0,0,0,0,0,0,0,0,0,0,0,1000000000.0,0,0,0,0,0,0,0,0,0,0
8.2,0,-0.4916416108608246,0,0,0,0,0,0,0,0,0,0,0,1000000000.0,0,0,0,0,0,0,0,0,0,0
8.4,0,-0.4916416108608246,0,0,0,0,0,0,0,0,0,0,0,1000000000.0,0,0,0,0,0,0,0,0,0,0
8.4,0,-0.4916416108608246,0,0,0,0,0,0,0,0,0,0,0,1000000000.0,0,0,0,0,0,0,0,0,0,0
8.6,0,-0.4917614459991455,0,0,0,0,0,0,0,0,0,0,0,1000000000.0,0,0,0,0,0,0,0,0,0,0
8.6,0,-0.4917614459991455,0,0,0,0,0,0,0,0,0,0,0,1000000000.0,0,0,0,0,0,0,0,0,0,0
8.8,0,-0.49152177572250366,0,0,0,0,0,0,0,0,0,0,0,1000000000.0,0,0,0,0,0,0,0,0,0,0
8.8,0,-0.4918813109397888,0,0,0,0,0,0,0,0,0,0,0,1000000000.0,0,0,0,0,0,0,0,0,0,0
9.0,0,-0.4922408163547516,0,0,0,0,0,0,0,0,0,0,0,1000000000.0,0,0,0,0,0,0,0,0,0,0
9.0,0,-0.49451783299446106,0,0,0,0,0,0,0,0,0,0,0,1000000000.0,0,0,0,0,0,0,0,0,0,0
9.2,0,-0.4958361089229584,0,0,0,0,0,0,0,0,0,0,0,1000000000.0,0,0,0,0,0,0,0,0,0,0
9.2,0,-0.5023075342178345,0,0,0,0,0,0,0,0,0,0,0,1000000000.0,0,0,0,0,0,0,0,0,0,0
9.4,0,-0.5023075342178345,0,0,0,0,0,0,0,0,0,0,0,1000000000.0,0,0,0,0,0,0,0,0,0,0
9.4,0,-0.5017083287239075,0,0,0,0,0,0,0,0,0,0,0,1000000000.0,0,0,0,0,0,0,0,0,0,0
9.6,0,-0.5015885233879089,0,0,0,0,0,0,0,0,0,0,0,1000000000.0,0,0,0,0,0,0,0,0,0,0
9.6,0,-0.4989519715309143,0,0,0,0,0,0,0,0,0,0,0,1000000000.0,0,0,0,0,0,0,0,0,0,0
9.8,0,-0.49319955706596375,0,0,0,0,0,0,0,0,0,0,0,1000000000.0,0,0,0,0,0,0,0,0,0,0
9.8,0,-0.2747012972831726,0,0,0,0,0,0,0,0,0,0,0,1000000000.0,0,0,0,0,0,0,0,0,0,0
10.0,0,-0.30020672082901,0,0,0,0,0,0,0,0,0,0,0,1000000000.0,0,0,0,0,0,0,0,0,0,0
10.0,0,0.5287702679634094,0,0,0,0,0,0,0,0,0,0,0,1000000000.0,0,0,0,0,0,0,0,0,0,0
10.2,0,0.7020493149757385,0,0,0,0,0,0,0,0,0,0,0,1000000000.0,0,0,0,0,0,0,0,0,0,0
10.2,0,1.5079436302185059,0,0,0,0,0,0,0,0,0,0,0,1000000000.0,0,0,0,0,0,0,0,0,0,0
10.4,0,1.349402666091919,0,0,0,0,0,0,0,0,0,0,0,1000000000.0,0,0,0,0,0,0,0,0,0,0
10.4,0,-0.17340368032455444,0,0,0,0,0,0,0,0,0,0,0,1000000000.0,0,0,0,0,0,0,0,0,0,0
10.6,0,-0.5913320779800415,0,0,0,0,0,0,0,0,0,0,0,1000000000.0,0,0,0,0,0,0,0,0,0,0
10.6,0,-0.540657103061676,0,0,0,0,0,0,0,0,0,0,0,1000000000.0,0,0,0,0,0,0,0,0,0,0
10.8,0,-0.2409813106060028,0,0,0,0,0,0,0,0,0,0,0,1000000000.0,0,0,0,0,0,0,0,0,0,0
10.8,0,-0.3675006628036499,0,0,0,0,0,0,0,0,0,0,0,1000000000.0,0,0,0,0,0,0,0,0,0,0
11.0,0,-0.3184695541858673,0,0,0,0,0,0,0,0,0,0,0,1000000000.0,0,0,0,0,0,0,0,0,0,0
11.0,0,-0.32050687074661255,0,0,0,0,0,0,0,0,0,0,0,1000000000.0,0,0,0,0,0,0,0,0,0,0
11.2,0,-0.5855244994163513,0,0,0,0,0,0,0,0,0,0,0,1000000000.0,0,0,0,0,0,0,0,0,0,0
11.2,0,-1.4448288679122925,0,0,0,0,0,0,0,0,0,0,0,1000000000.0,0,0,0,0,0,0,0,0,0,0
11.4,0,-1.2344615459442139,0,0,0,0,0,0,0,0,0,0,0,1000000000.0,0,0,0,0,0,0,0,0,0,0
11.4,0,-1.384226679801941,0,0,0,0,0,0,0,0,0,0,0,1000000000.0,0,0,0,0,0,0,0,0,0,0
11.6,0,-1.2592276334762573,0,0,0,0,0,0,0,0,0,0,0,1000000000.0,0,0,0,0,0,0,0,0,0,0
11.6,0,-0.8090788125991821,0,0,0,0,0,0,0,0,0,0,0,1000000000.0,0,0,0,0,0,0,0,0,0,0
11.8,0,-0.7585827708244324,0,0,0,0,0,0,0,0,0,0,0,1000000000.0,0,0,0,0,0,0,0,0,0,0
11.8,0,-0.7177839279174805,0,0,0,0,0,0,0,0,0,0,0,1000000000.0,0,0,0,0,0,0,0,0,0,0
12.0,0,-0.7138291597366333,0,0,0,0,0,0,0,0,0,0,0,1000000000.0,0,0,0,0,0,0,0,0,0,0
12.0,0,-0.7055599689483643,0,0,0,0,0,0,0,0,0,0,0,1000000000.0,0,0,0,0,0,0,0,0,0,0
12.2,0,-0.5528810024261475,0,0,0,0,0,0,0,0,0,0,0,1000000000.0,0,0,0,0,0,0,0,0,0,0
12.2,0,-0.5553976893424988,0,0,0,0,0,0,0,0,0,0,0,1000000000.0,0,0,0,0,0,0,0,0,0,0
12.4,0,-0.5606707334518433,0,0,0,0,0,0,0,0,0,0,0,1000000000.0,0,0,0,0,0,0,0,0,0,0
12.4,0,-0.5610302686691284,0,0,0,0,0,0,0,0,0,0,0,1000000000.0,0,0,0,0,0,0,0,0,0,0
12.6,0,-0.5551580190658569,0,0,0,0,0,0,0,0,0,0,0,1000000000.0,0,0,0,0,0,0,0,0,0,0
12.6,0,-0.5538397431373596,0,0,0,0,0,0,0,0,0,0,0,1000000000.0,0,0,0,0,0,0,0,0,0,0
12.8,0,-0.552638590335846,0,0,0,0,0,0,0,0,0,0,0,1000000000.0,0,0,0,0,0,0,0,0,0,0
12.8,0,-0.32378700375556946,0,0,0,0,0,0,0,0,0,0,0,1000000000.0,0,0,0,0,0,0,0,0,0,0
13.0,0,-0.4268069565296173,0,0,0,0,0,0,0,0,0,0,0,1000000000.0,0,0,0,0,0,0,0,0,0,0
13.0,0,-0.424290269613266,0,0,0,0,0,0,0,0,0,0,0,1000000000.0,0,0,0,0,0,0,0,0,0,0
13.2,0,-0.42452993988990784,0,0,0,0,0,0,0,0,0,0,0,1000000000.0,0,0,0,0,0,0,0,0,0,0
13.2,0,-0.42464977502822876,0,0,0,0,0,0,0,0,0,0,0,1000000000.0,0,0,0,0,0,0,0,0,0,0
13.4,0,-0.4244101047515869,0,0,0,0,0,0,0,0,0,0,0,1000000000.0,0,0,0,0,0,0,0,0,0,0
13.4,0,-0.42405056953430176,0,0,0,0,0,0,0,0,0,0,0,1000000000.0,0,0,0,0,0,0,0,0,0,0
13.6,0,-0.42405056953430176,0,0,0,0,0,0,0,0,0,0,0,1000000000.0,0,0,0,0,0,0,0,0,0,0
13.6,0,-0.4262077510356903,0,0,0,0,0,0,0,0,0,0,0,1000000000.0,0,0,0,0,0,0,0,0,0,0
13.8,0,-0.4326792061328888,0,0,0,0,0,0,0,0,0,0,0,1000000000.0,0,0,0,0,0,0,0,0,0,0
13.8,0,-0.432918906211853,0,0,0,0,0,0,0,0,0,0,0,1000000000.0,0,0,0,0,0,0,0,0,0,0
14.0,0,-0.4331585764884949,0,0,0,0,0,0,0,0,0,0,0,1000000000.0,0,0,0,0,0,0,0,0,0,0
14.0,0,-0.432918906211853,0,0,0,0,0,0,0,0,0,0,0,1000000000.0,0,0,0,0,0,0,0,0,0,0
14.2,0,-0.4287244379520416,0,0,0,0,0,0,0,0,0,0,0,1000000000.0,0,0,0,0,0,0,0,0,0,0
14.2,0,-0.40068134665489197,0,0,0,0,0,0,0,0,0,0,0,1000000000.0,0,0,0,0,0,0,0,0,0,0
14.4,0,-0.8922742605209351,0,0,0,0,0,0,0,0,0,0,0,1000000000.0,0,0,0,0,0,0,0,0,0,0
14.4,0,-1.2424983978271484,0,0,0,0,0,0,0,0,0,0,0,1000000000.0,0,0,0,0,0,0,0,0,0,0
14.6,0,-1.309945821762085,0,0,0,0,0,0,0,0,0,0,0,1000000000.0,0,0,0,0,0,0,0,0,0,0
14.6,0,-1.8501551151275635,0,0,0,0,0,0,0,0,0,0,0,1000000000.0,0,0,0,0,0,0,0,0,0,0
14.8,0,-1.5289605855941772,0,0,0,0,0,0,0,0,0,0,0,1000000000.0,0,0,0,0,0,0,0,0,0,0
14.8,0,-1.137037754058838,0,0,0,0,0,0,0,0,0,0,0,1000000000.0,0,0,0,0,0,0,0,0,0,0
15.0,0,-0.8101823329925537,0,0,0,0,0,0,0,0,0,0,0,1000000000.0,0,0,0,0,0,0,0,0,0,0
15.0,0,-0.7995163798332214,0,0,0,0,0,0,0,0,0,0,0,1000000000.0,0,0,0,0,0,0,0,0,0,0
15.2,0,-0.796280562877655,0,0,0,0,0,0,0,0,0,0,0,1000000000.0,0,0,0,0,0,0,0,0,0,0
15.2,0,-0.8699374794960022,0,0,0,0,0,0,0,0,0,0,0,1000000000.0,0,0,0,0,0,0,0,0,0,0
15.4,0,-1.4184494018554688,0,0,0,0,0,0,0,0,0,0,0,1000000000.0,0,0,0,0,0,0,0,0,0,0
15.4,0,-1.755018711090088,0,0,0,0,0,0,0,0,0,0,0,1000000000.0,0,0,0,0,0,0,0,0,0,0
15.6,0,-1.746150255203247,0,0,0,0,0,0,0,0,0,0,0,1000000000.0,0,0,0,0,0,0,0,0,0,0
15.6,0,-1.553315281867981,0,0,0,0,0,0,0,0,0,0,0,1000000000.0,0,0,0,0,0,0,0,0,0,0
15.8,0,-1.307572603225708,0,0,0,0,0,0,0,0,0,0,0,1000000000.0,0,0,0,0,0,0,0,0,0,0
15.8,0,-0.6371369957923889,0,0,0,0,0,0,0,0,0,0,0,1000000000.0,0,0,0,0,0,0,0,0,0,0
16.0,0,-0.5001686811447144,0,0,0,0,0,0,0,0,0,0,0,1000000000.0,0,0,0,0,0,0,0,0,0,0
16.0,0,-0.57660973072052,0,0,0,0,0,0,0,0,0,0,0,1000000000.0,0,0,0,0,0,0,0,0,0,0
16.2,0,-0.5575548410415649,0,0,0,0,0,0,0,0,0,0,0,1000000000.0,0,0,0,0,0,0,0,0,0,0
16.2,0,-0.5564762353897095,0,0,0,0,0,0,0,0,0,0,0,1000000000.0,0,0,0,0,0,0,0,0,0,0
16.4,0,-0.5558770298957825,0,0,0,0,0,0,0,0,0,0,0,1000000000.0,0,0,0,0,0,0,0,0,0,0
16.4,0,-0.5556373596191406,0,0,0,0,0,0,0,0,0,0,0,1000000000.0,0,0,0,0,0,0,0,0,0,0
16.6,0,-0.5555175542831421,0,0,0,0,0,0,0,0,0,0,0,1000000000.0,0,0,0,0,0,0,0,0,0,0
16.6,0,-0.5550381541252136,0,0,0,0,0,0,0,0,0,0,0,1000000000.0,0,0,0,0,0,0,0,0,0,0
16.8,0,-0.5648623108863831,0,0,0,0,0,0,0,0,0,0,0,1000000000.0,0,0,0,0,0,0,0,0,0,0
16.8,0,-0.5589929819107056,0,0,0,0,0,0,0,0,0,0,0,1000000000.0,0,0,0,0,0,0,0,0,0,0
17.0,0,-0.5616294741630554,0,0,0,0,0,0,0,0,0,0,0,1000000000.0,0,0,0,0,0,0,0,0,0,0
17.0,0,-0.5613898038864136,0,0,0,0,0,0,0,0,0,0,0,1000000000.0,0,0,0,0,0,0,0,0,0,0
17.2,0,-0.5603111982345581,0,0,0,0,0,0,0,0,0,0,0,1000000000.0,0,0,0,0,0,0,0,0,0,0
17.2,0,0.6528043746948242,0,0,0,0,0,0,0,0,0,0,0,1000000000.0,0,0,0,0,0,0,0,0,0,0
17.4,0,1.0421051979064941,0,0,0,0,0,0,0,0,0,0,0,1000000000.0,0,0,0,0,0,0,0,0,0,0
17.4,0,0.8099651336669922,0,0,0,0,0,0,0,0,0,0,0,1000000000.0,0,0,0,0,0,0,0,0,0,0
17.6,0,-1.6881132125854492,0,0,0,0,0,0,0,0,0,0,0,1000000000.0,0,0,0,0,0,0,0,0,0,0
17.6,0,-2.1264097690582275,0,0,0,0,0,0,0,0,0,0,0,1000000000.0,0,0,0,0,0,0,0,0,0,0
17.8,0,-0.8758726716041565,0,0,0,0,0,0,0,0,0,0,0,1000000000.0,0,0,0,0,0,0,0,0,0,0
17.8,0,0.7806037664413452,0,0,0,0,0,0,0,0,0,0,0,1000000000.0,0,0,0,0,0,0,0,0,0,0
18.0,0,-1.5208866596221924,0,0,0,0,0,0,0,0,0,0,0,1000000000.0,0,0,0,0,0,0,0,0,0,0
18.0,0,-2.403927803039551,0,0,0,0,0,0,0,0,0,0,0,1000000000.0,0,0,0,0,0,0,0,0,0,0
18.2,0,-1.5049479007720947,0,0,0,0,0,0,0,0,0,0,0,1000000000.0,0,0,0,0,0,0,0,0,0,0
18.2,0,0.5495525002479553,0,0,0,0,0,0,0,0,0,0,0,1000000000.0,0,0,0,0,0,0,0,0,0,0
18.4,0,0.5957822203636169,0,0,0,0,0,0,0,0,0,0,0,1000000000.0,0,0,0,0,0,0,0,0,0,0
18.4,0,0.38104742765426636,0,0,0,0,0,0,0,0,0,0,0,1000000000.0,0,0,0,0,0,0,0,0,0,0
18.6,0,-0.4117142856121063,0,0,0,0,0,0,0,0,0,0,0,1000000000.0,0,0,0,0,0,0,0,0,0,0
18.6,0,-1.0389460325241089,0,0,0,0,0,0,0,0,0,0,0,1000000000.0,0,0,0,0,0,0,0,0,0,0
18.8,0,-1.4563559293746948,0,0,0,0,0,0,0,0,0,0,0,1000000000.0,0,0,0,0,0,0,0,0,0,0
18.8,0,-2.00293231010437,0,0,0,0,0,0,0,0,0,0,0,1000000000.0,0,0,0,0,0,0,0,0,0,0
19.0,0,-2.0007073879241943,0,0,0,0,0,0,0,0,0,0,0,1000000000.0,0,0,0,0,0,0,0,0,0,0
19.0,0,-2.2152156829833984,0,0,0,0,0,0,0,0,0,0,0,1000000000.0,0,0,0,0,0,0,0,0,0,0
19.2,0,-1.9756505489349365,0,0,0,0,0,0,0,0,0,0,0,1000000000.0,0,0,0,0,0,0,0,0,0,0
19.2,0,-0.008020579814910889,0,0,0,0,0,0,0,0,0,0,0,1000000000.0,0,0,0,0,0,0,0,0,0,0
19.4,0,0.46801185607910156,0,0,0,0,0,0,0,0,0,0,0,1000000000.0,0,0,0,0,0,0,0,0,0,0
19.4,0,0.5760330557823181,0,0,0,0,0,0,0,0,0,0,0,1000000000.0,0,0,0,0,0,0,0,0,0,0
19.6,0,0.17796199023723602,0,0,0,0,0,0,0,0,0,0,0,1000000000.0,0,0,0,0,0,0,0,0,0,0
19.6,0,-1.4248809814453125,0,0,0,0,0,0,0,0,0,0,0,1000000000.0,0,0,0,0,0,0,0,0,0,0
19.8,0,-2.0657620429992676,0,0,0,0,0,0,0,0,0,0,0,1000000000.0,0,0,0,0,0,0,0,0,0,0
19.8,0,-2.513814926147461,0,0,0,0,0,0,0,0,0,0,0,1000000000.0,0,0,0,0,0,0,0,0,0,0
20.0,0,-0.7248362302780151,0,0,0,0,0,0,0,0,0,0,0,1000000000.0,0,0,0,0,0,0,0,0,0,0
20.0,0,0.6145266890525818,0,0,0,0,0,0,0,0,0,0,0,1000000000.0,0,0,0,0,0,0,0,0,0,0
20.2,0,0.7162484526634216,0,0,0,0,0,0,0,0,0,0,0,1000000000.0,0,0,0,0,0,0,0,0,0,0
20.2,0,0.4187088906764984,0,0,0,0,0,0,0,0,0,0,0,1000000000.0,0,0,0,0,0,0,0,0,0,0
20.4,0,-0.39381182193756104,0,0,0,0,0,0,0,0,0,0,0,1000000000.0,0,0,0,0,0,0,0,0,0,0
20.4,0,-1.8840711116790771,0,0,0,0,0,0,0,0,0,0,0,1000000000.0,0,0,0,0,0,0,0,0,0,0
20.6,0,-0.8358403444290161,0,0,0,0,0,0,0,0,0,0,0,1000000000.0,0,0,0,0,0,0,0,0,0,0
20.6,0,-0.5601913928985596,0,0,0,0,0,0,0,0,0,0,0,1000000000.0,0,0,0,0,0,0,0,0,0,0
20.8,0,-0.5555175542831421,0,0,0,0,0,0,0,0,0,0,0,1000000000.0,0,0,0,0,0,0,0,0,0,0
20.8,0,-0.5553976893424988,0,0,0,0,0,0,0,0,0,0,0,1000000000.0,0,0,0,0,0,0,0,0,0,0
21.0,0,-0.5553976893424988,0,0,0,0,0,0,0,0,0,0,0,1000000000.0,0,0,0,0,0,0,0,0,0,0
21.0,0,-0.5552778244018555,0,0,0,0,0,0,0,0,0,0,0,1000000000.0,0,0,0,0,0,0,0,0,0,0
21.2,0,-0.5550381541252136,0,0,0,0,0,0,0,0,0,0,0,1000000000.0,0,0,0,0,0,0,0,0,0,0
21.2,0,-0.5550381541252136,0,0,0,0,0,0,0,0,0,0,0,1000000000.0,0,0,0,0,0,0,0,0,0,0
21.4,0,-0.5550381541252136,0,0,0,0,0,0,0,0,0,0,0,1000000000.0,0,0,0,0,0,0,0,0,0,0
21.4,0,-0.5550381541252136,0,0,0,0,0,0,0,0,0,0,0,1000000000.0,0,0,0,0,0,0,0,0,0,0
21.6,0,-0.5550381541252136,0,0,0,0,0,0,0,0,0,0,0,1000000000.0,0,0,0,0,0,0,0,0,0,0
21.6,0,-0.5549182891845703,0,0,0,0,0,0,0,0,0,0,0,1000000000.0,0,0,0,0,0,0,0,0,0,0
21.8,0,-0.5550381541252136,0,0,0,0,0,0,0,0,0,0,0,1000000000.0,0,0,0,0,0,0,0,0,0,0
21.8,0,-0.5550381541252136,0,0,0,0,0,0,0,0,0,0,0,1000000000.0,0,0,0,0,0,0,0,0,0,0
22.0,0,-0.5546786189079285,0,0,0,0,0,0,0,0,0,0,0,1000000000.0,0,0,0,0,0,0,0,0,0,0
22.0,0,-0.5546786189079285,0,0,0,0,0,0,0,0,0,0,0,1000000000.0,0,0,0,0,0,0,0,0,0,0
22.2,0,-0.5545587539672852,0,0,0,0,0,0,0,0,0,0,0,1000000000.0,0,0,0,0,0,0,0,0,0,0
22.2,0,-0.5546786189079285,0,0,0,0,0,0,0,0,0,0,0,1000000000.0,0,0,0,0,0,0,0,0,0,0
22.4,0,-0.5545587539672852,0,0,0,0,0,0,0,0,0,0,0,1000000000.0,0,0,0,0,0,0,0,0,0,0
22.4,0,-0.5544389486312866,0,0,0,0,0,0,0,0,0,0,0,1000000000.0,0,0,0,0,0,0,0,0,0,0
22.6,0,-0.5545587539672852,0,0,0,0,0,0,0,0,0,0,0,1000000000.0,0,0,0,0,0,0,0,0,0,0
22.6,0,-0.5545587539672852,0,0,0,0,0,0,0,0,0,0,0,1000000000.0,0,0,0,0,0,0,0,0,0,0
22.8,0,-0.5544389486312866,0,0,0,0,0,0,0,0,0,0,0,1000000000.0,0,0,0,0,0,0,0,0,0,0
22.8,0,-0.5544389486312866,0,0,0,0,0,0,0,0,0,0,0,1000000000.0,0,0,0,0,0,0,0,0,0,0
23.0,0,-0.5544389486312866,0,0,0,0,0,0,0,0,0,0,0,1000000000.0,0,0,0,0,0,0,0,0,0,0
23.0,0,-0.5544389486312866,0,0,0,0,0,0,0,0,0,0,0,1000000000.0,0,0,0,0,0,0,0,0,0,0
23.2,0,-0.5544389486312866,0,0,0,0,0,0,0,0,0,0,0,1000000000.0,0,0,0,0,0,0,0,0,0,0
23.2,0,-0.5541992783546448,0,0,0,0,0,0,0,0,0,0,0,1000000000.0,0,0,0,0,0,0,0,0,0,0
23.4,0,-0.5540794134140015,0,0,0,0,0,0,0,0,0,0,0,1000000000.0,0,0,0,0,0,0,0,0,0,0
23.4,0,-0.5541992783546448,0,0,0,0,0,0,0,0,0,0,0,1000000000.0,0,0,0,0,0,0,0,0,0,0
23.6,0,-0.5541992783546448,0,0,0,0,0,0,0,0,0,0,0,1000000000.0,0,0,0,0,0,0,0,0,0,0
23.6,0,-0.5541992783546448,0,0,0,0,0,0,0,0,0,0,0,1000000000.0,0,0,0,0,0,0,0,0,0,0
23.8,0,-0.5541992783546448,0,0,0,0,0,0,0,0,0,0,0,1000000000.0,0,0,0,0,0,0,0,0,0,0
23.8,0,-0.5540794134140015,0,0,0,0,0,0,0,0,0,0,0,1000000000.0,0,0,0,0,0,0,0,0,0,0
24.0,0,-0.5540794134140015,0,0,0,0,0,0,0,0,0,0,0,1000000000.0,0,0,0,0,0,0,0,0,0,0
24.0,0,-0.5540794134140015,0,0,0,0,0,0,0,0,0,0,0,1000000000.0,0,0,0,0,0,0,0,0,0,0
24.2,0,-0.5539595484733582,0,0,0,0,0,0,0,0,0,0,0,1000000000.0,0,0,0,0,0,0,0,0,0,0
24.2,0,-0.5539595484733582,0,0,0,0,0,0,0,0,0,0,0,1000000000.0,0,0,0,0,0,0,0,0,0,0
24.4,0,-0.5539595484733582,0,0,0,0,0,0,0,0,0,0,0,1000000000.0,0,0,0,0,0,0,0,0,0,0
24.4,0,-0.5539595484733582,0,0,0,0,0,0,0,0,0,0,0,1000000000.0,0,0,0,0,0,0,0,0,0,0
24.6,0,-0.5539595484733582,0,0,0,0,0,0,0,0,0,0,0,1000000000.0,0,0,0,0,0,0,0,0,0,0
24.6,0,-0.5539595484733582,0,0,0,0,0,0,0,0,0,0,0,1000000000.0,0,0,0,0,0,0,0,0,0,0
24.8,0,-0.5539595484733582,0,0,0,0,0,0,0,0,0,0,0,1000000000.0,0,0,0,0,0,0,0,0,0,0
24.8,0,-0.5523754358291626,0,0,0,0,0,0,0,0,0,0,0,1000000000.0,0,0,0,0,0,0,0,0,0,0
25.0,0,-0.5536000728607178,0,0,0,0,0,0,0,0,0,0,0,1000000000.0,0,0,0,0,0,0,0,0,0,0
25.0,0,-0.5536000728607178,0,0,0,0,0,0,0,0,0,0,0,1000000000.0,0,0,0,0,0,0,0,0,0,0
25.2,0,-0.5534802079200745,0,0,0,0,0,0,0,0,0,0,0,1000000000.0,0,0,0,0,0,0,0,0,0,0
25.2,0,-0.5538424253463745,0,0,0,0,0,0,0,0,0,0,0,1000000000.0,0,0,0,0,0,0,0,0,0,0
25.4,0,-0.5593525171279907,0,0,0,0,0,0,0,0,0,0,0,1000000000.0,0,0,0,0,0,0,0,0,0,0
25.4,0,-0.5639064908027649,0,0,0,0,0,0,0,0,0,0,0,1000000000.0,0,0,0,0,0,0,0,0,0,0
25.6,0,-0.570641040802002,0,0,0,0,0,0,0,0,0,0,0,1000000000.0,0,0,0,0,0,0,0,0,0,0
25.6,0,-0.9444708824157715,0,0,0,0,0,0,0,0,0,0,0,1000000000.0,0,0,0,0,0,0,0,0,0,0
25.8,0,-1.1836776733398438,0,0,0,0,0,0,0,0,0,0,0,1000000000.0,0,0,0,0,0,0,0,0,0,0
25.8,0,-1.146144986152649,0,0,0,0,0,0,0,0,0,0,0,1000000000.0,0,0,0,0,0,0,0,0,0,0
26.0,0,-1.1555676460266113,0,0,0,0,0,0,0,0,0,0,0,1000000000.0,0,0,0,0,0,0,0,0,0,0
26.0,0,-1.0207726955413818,0,0,0,0,0,0,0,0,0,0,0,1000000000.0,0,0,0,0,0,0,0,0,0,0
26.2,0,-0.5982016921043396,0,0,0,0,0,0,0,0,0,0,0,1000000000.0,0,0,0,0,0,0,0,0,0,0
26.2,0,-0.008119827136397362,0,0,0,0,0,0,0,0,0,0,0,1000000000.0,0,0,0,0,0,0,0,0,0,0
26.4,0,0.4500541388988495,0,0,0,0,0,0,0,0,0,0,0,1000000000.0,0,0,0,0,0,0,0,0,0,0
26.4,0,0.393033891916275,0,0,0,0,0,0,0,0,0,0,0,1000000000.0,0,0,0,0,0,0,0,0,0,0
26.6,0,0.5559712648391724,0,0,0,0,0,0,0,0,0,0,0,1000000000.0,0,0,0,0,0,0,0,0,0,0
26.6,0,0.9848178029060364,0,0,0,0,0,0,0,0,0,0,0,1000000000.0,0,0,0,0,0,0,0,0,0,0
26.8,0,0.08373359590768814,0,0,0,0,0,0,0,0,0,0,0,1000000000.0,0,0,0,0,0,0,0,0,0,0
26.8,0,-0.4198451340198517,0,0,0,0,0,0,0,0,0,0,0,1000000000.0,0,0,0,0,0,0,0,0,0,0
27.0,0,-0.8982335925102234,0,0,0,0,0,0,0,0,0,0,0,1000000000.0,0,0,0,0,0,0,0,0,0,0
27.0,0,-1.533105731010437,0,0,0,0,0,0,0,0,0,0,0,1000000000.0,0,0,0,0,0,0,0,0,0,0
27.2,0,-2.008352518081665,0,0,0,0,0,0,0,0,0,0,0,1000000000.0,0,0,0,0,0,0,0,0,0,0
27.2,0,-2.0056207180023193,0,0,0,0,0,0,0,0,0,0,0,1000000000.0,0,0,0,0,0,0,0,0,0,0
27.4,0,-1.9799625873565674,0,0,0,0,0,0,0,0,0,0,0,1000000000.0,0,0,0,0,0,0,0,0,0,0
27.4,0,-1.979123592376709,0,0,0,0,0,0,0,0,0,0,0,1000000000.0,0,0,0,0,0,0,0,0,0,0
27.6,0,-1.9745696783065796,0,0,0,0,0,0,0,0,0,0,0,1000000000.0,0,0,0,0,0,0,0,0,0,0
27.6,0,-1.9633044004440308,0,0,0,0,0,0,0,0,0,0,0,1000000000.0,0,0,0,0,0,0,0,0,0,0
27.8,0,-1.1606907844543457,0,0,0,0,0,0,0,0,0,0,0,1000000000.0,0,0,0,0,0,0,0,0,0,0
27.8,0,0.5861396789550781,0,0,0,0,0,0,0,0,0,0,0,1000000000.0,0,0,0,0,0,0,0,0,0,0
28.0,0,0.7079922556877136,0,0,0,0,0,0,0,0,0,0,0,1000000000.0,0,0,0,0,0,0,0,0,0,0
28.0,0,0.8337058424949646,0,0,0,0,0,0,0,0,0,0,0,1000000000.0,0,0,0,0,0,0,0,0,0,0
28.2,0,0.8154778480529785,0,0,0,0,0,0,0,0,0,0,0,1000000000.0,0,0,0,0,0,0,0,0,0,0
28.2,0,0.5666409134864807,0,0,0,0,0,0,0,0,0,0,0,1000000000.0,0,0,0,0,0,0,0,0,0,0
28.4,0,-0.7022929787635803,0,0,0,0,0,0,0,0,0,0,0,1000000000.0,0,0,0,0,0,0,0,0,0,0
28.4,0,-1.607168436050415,0,0,0,0,0,0,0,0,0,0,0,1000000000.0,0,0,0,0,0,0,0,0,0,0
28.6,0,-1.7718199491500854,0,0,0,0,0,0,0,0,0,0,0,1000000000.0,0,0,0,0,0,0,0,0,0,0
28.6,0,-1.6917842626571655,0,0,0,0,0,0,0,0,0,0,0,1000000000.0,0,0,0,0,0,0,0,0,0,0
28.8,0,-0.45588600635528564,0,0,0,0,0,0,0,0,0,0,0,1000000000.0,0,0,0,0,0,0,0,0,0,0
28.8,0,0.8935419321060181,0,0,0,0,0,0,0,0,0,0,0,1000000000.0,0,0,0,0,0,0,0,0,0,0
29.0,0,0.9560700058937073,0,0,0,0,0,0,0,0,0,0,0,1000000000.0,0,0,0,0,0,0,0,0,0,0
29.0,0,1.341590166091919,0,0,0,0,0,0,0,0,0,0,0,1000000000.0,0,0,0,0,0,0,0,0,0,0
29.2,0,1.506740927696228,0,0,0,0,0,0,0,0,0,0,0,1000000000.0,0,0,0,0,0,0,0,0,0,0
29.2,0,1.4507615566253662,0,0,0,0,0,0,0,0,0,0,0,1000000000.0,0,0,0,0,0,0,0,0,0,0
29.4,0,1.0001108646392822,0,0,0,0,0,0,0,0,0,0,0,1000000000.0,0,0,0,0,0,0,0,0,0,0
29.4,0,-0.3005107045173645,0,0,0,0,0,0,0,0,0,0,0,1000000000.0,0,0,0,0,0,0,0,0,0,0
29.6,0,-0.9747516512870789,0,0,0,0,0,0,0,0,0,0,0,1000000000.0,0,0,0,0,0,0,0,0,0,0
29.6,0,-1.547780156135559,0,0,0,0,0,0,0,0,0,0,0,1000000000.0,0,0,0,0,0,0,0,0,0,0
29.8,0,-1.71873939037323,0,0,0,0,0,0,0,0,0,0,0,1000000000.0,0,0,0,0,0,0,0,0,0,0
29.8,0,-1.9007341861724854,0,0,0,0,0,0,0,0,0,0,0,1000000000.0,0,0,0,0,0,0,0,0,0,0
30.0,0,-1.9289097785949707,0,0,0,0,0,0,0,0,0,0,0,1000000000.0,0,0,0,0,0,0,0,0,0,0
30.0,0,-1.275917649269104,0,0,0,0,0,0,0,0,0,0,0,1000000000.0,0,0,0,0,0,0,0,0,0,0
30.2,0,0.34623783826828003,0,0,0,0,0,0,0,0,0,0,0,1000000000.0,0,0,0,0,0,0,0,0,0,0
30.2,0,0.11175520718097687,0,0,0,0,0,0,0,0,0,0,0,1000000000.0,0,0,0,0,0,0,0,0,0,0
30.4,0,0.25485578179359436,0,0,0,0,0,0,0,0,0,0,0,1000000000.0,0,0,0,0,0,0,0,0,0,0
30.4,0,0.2465866655111313,0,0,0,0,0,0,0,0,0,0,0,1000000000.0,0,0,0,0,0,0,0,0,0,0
30.6,0,0.2465866655111313,0,0,0,0,0,0,0,0,0,0,0,1000000000.0,0,0,0,0,0,0,0,0,0,0
30.6,0,0.24646683037281036,0,0,0,0,0,0,0,0,0,0,0,1000000000.0,0,0,0,0,0,0,0,0,0,0
30.8,0,0.24646683037281036,0,0,0,0,0,0,0,0,0,0,0,1000000000.0,0,0,0,0,0,0,0,0,0,0
30.8,0,0.24622714519500732,0,0,0,0,0,0,0,0,0,0,0,1000000000.0,0,0,0,0,0,0,0,0,0,0
31.0,0,0.21541844308376312,0,0,0,0,0,0,0,0,0,0,0,1000000000.0,0,0,0,0,0,0,0,0,0,0
31.0,0,0.24622714519500732,0,0,0,0,0,0,0,0,0,0,0,1000000000.0,0,0,0,0,0,0,0,0,0,0
31.2,0,0.2297215461730957,0,0,0,0,0,0,0,0,0,0,0,1000000000.0,0,0,0,0,0,0,0,0,0,0
31.2,0,0.19817039370536804,0,0,0,0,0,0,0,0,0,0,0,1000000000.0,0,0,0,0,0,0,0,0,0,0
31.4,0,0.19817039370536804,0,0,0,0,0,0,0,0,0,0,0,1000000000.0,0,0,0,0,0,0,0,0,0,0
31.4,0,0.19817039370536804,0,0,0,0,0,0,0,0,0,0,0,1000000000.0,0,0,0,0,0,0,0,0,0,0
31.6,0,0.19805055856704712,0,0,0,0,0,0,0,0,0,0,0,1000000000.0,0,0,0,0,0,0,0,0,0,0
31.6,0,0.19817039370536804,0,0,0,0,0,0,0,0,0,0,0,1000000000.0,0,0,0,0,0,0,0,0,0,0
31.8,0,0.19817039370536804,0,0,0,0,0,0,0,0,0,0,0,1000000000.0,0,0,0,0,0,0,0,0,0,0
31.8,0,0.19817039370536804,0,0,0,0,0,0,0,0,0,0,0,1000000000.0,0,0,0,0,0,0,0,0,0,0
32.0,0,0.19817039370536804,0,0,0,0,0,0,0,0,0,0,0,1000000000.0,0,0,0,0,0,0,0,0,0,0
32.0,0,0.19817039370536804,0,0,0,0,0,0,0,0,0,0,0,1000000000.0,0,0,0,0,0,0,0,0,0,0
32.2,0,0.19817039370536804,0,0,0,0,0,0,0,0,0,0,0,1000000000.0,0,0,0,0,0,0,0,0,0,0
32.2,0,0.19805055856704712,0,0,0,0,0,0,0,0,0,0,0,1000000000.0,0,0,0,0,0,0,0,0,0,0
32.4,0,0.19817039370536804,0,0,0,0,0,0,0,0,0,0,0,1000000000.0,0,0,0,0,0,0,0,0,0,0
32.4,0,0.19817039370536804,0,0,0,0,0,0,0,0,0,0,0,1000000000.0,0,0,0,0,0,0,0,0,0,0
32.6,0,0.19817039370536804,0,0,0,0,0,0,0,0,0,0,0,1000000000.0,0,0,0,0,0,0,0,0,0,0
32.6,0,0.19817039370536804,0,0,0,0,0,0,0,0,0,0,0,1000000000.0,0,0,0,0,0,0,0,0,0,0
32.8,0,0.19817039370536804,0,0,0,0,0,0,0,0,0,0,0,1000000000.0,0,0,0,0,0,0,0,0,0,0
32.8,0,0.19817039370536804,0,0,0,0,0,0,0,0,0,0,0,1000000000.0,0,0,0,0,0,0,0,0,0,0
33.0,0,0.19817039370536804,0,0,0,0,0,0,0,0,0,0,0,1000000000.0,0,0,0,0,0,0,0,0,0,0
33.0,0,0.19805055856704712,0,0,0,0,0,0,0,0,0,0,0,1000000000.0,0,0,0,0,0,0,0,0,0,0
33.2,0,0.19817039370536804,0,0,0,0,0,0,0,0,0,0,0,1000000000.0,0,0,0,0,0,0,0,0,0,0
33.2,0,0.19817039370536804,0,0,0,0,0,0,0,0,0,0,0,1000000000.0,0,0,0,0,0,0,0,0,0,0
33.4,0,0.19817039370536804,0,0,0,0,0,0,0,0,0,0,0,1000000000.0,0,0,0,0,0,0,0,0,0,0
33.4,0,0.19805055856704712,0,0,0,0,0,0,0,0,0,0,0,1000000000.0,0,0,0,0,0,0,0,0,0,0
33.6,0,0.197930708527565,0,0,0,0,0,0,0,0,0,0,0,1000000000.0,0,0,0,0,0,0,0,0,0,0
33.6,0,0.19805055856704712,0,0,0,0,0,0,0,0,0,0,0,1000000000.0,0,0,0,0,0,0,0,0,0,0
33.8,0,0.19817039370536804,0,0,0,0,0,0,0,0,0,0,0,1000000000.0,0,0,0,0,0,0,0,0,0,0
33.8,0,0.19817039370536804,0,0,0,0,0,0,0,0,0,0,0,1000000000.0,0,0,0,0,0,0,0,0,0,0
34.0,0,0.19805055856704712,0,0,0,0,0,0,0,0,0,0,0,1000000000.0,0,0,0,0,0,0,0,0,0,0
34.0,0,0.19805055856704712,0,0,0,0,0,0,0,0,0,0,0,1000000000.0,0,0,0,0,0,0,0,0,0,0
34.2,0,0.19805055856704712,0,0,0,0,0,0,0,0,0,0,0,1000000000.0,0,0,0,0,0,0,0,0,0,0
34.2,0,0.19817039370536804,0,0,0,0,0,0,0,0,0,0,0,1000000000.0,0,0,0,0,0,0,0,0,0,0
34.4,0,0.19805055856704712,0,0,0,0,0,0,0,0,0,0,0,1000000000.0,0,0,0,0,0,0,0,0,0,0
34.4,0,0.19805055856704712,0,0,0,0,0,0,0,0,0,0,0,1000000000.0,0,0,0,0,0,0,0,0,0,0
34.6,0,0.19805055856704712,0,0,0,0,0,0,0,0,0,0,0,1000000000.0,0,0,0,0,0,0,0,0,0,0
34.6,0,0.19805055856704712,0,0,0,0,0,0,0,0,0,0,0,1000000000.0,0,0,0,0,0,0,0,0,0,0
34.8,0,0.19817039370536804,0,0,0,0,0,0,0,0,0,0,0,1000000000.0,0,0,0,0,0,0,0,0,0,0
34.8,0,0.19805055856704712,0,0,0,0,0,0,0,0,0,0,0,1000000000.0,0,0,0,0,0,0,0,0,0,0
35.0,0,0.19805055856704712,0,0,0,0,0,0,0,0,0,0,0,1000000000.0,0,0,0,0,0,0,0,0,0,0
35.0,0,0.19805055856704712,0,0,0,0,0,0,0,0,0,0,0,1000000000.0,0,0,0,0,0,0,0,0,0,0
35.2,0,0.19805055856704712,0,0,0,0,0,0,0,0,0,0,0,1000000000.0,0,0,0,0,0,0,0,0,0,0
35.2,0,0.19805055856704712,0,0,0,0,0,0,0,0,0,0,0,1000000000.0,0,0,0,0,0,0,0,0,0,0
35.4,0,0.19805055856704712,0,0,0,0,0,0,0,0,0,0,0,1000000000.0,0,0,0,0,0,0,0,0,0,0
35.4,0,0.19805055856704712,0,0,0,0,0,0,0,0,0,0,0,1000000000.0,0,0,0,0,0,0,0,0,0,0
35.6,0,0.19805055856704712,0,0,0,0,0,0,0,0,0,0,0,1000000000.0,0,0,0,0,0,0,0,0,0,0
35.6,0,0.19805055856704712,0,0,0,0,0,0,0,0,0,0,0,1000000000.0,0,0,0,0,0,0,0,0,0,0
35.8,0,0.19805055856704712,0,0,0,0,0,0,0,0,0,0,0,1000000000.0,0,0,0,0,0,0,0,0,0,0
35.8,0,0.19805055856704712,0,0,0,0,0,0,0,0,0,0,0,1000000000.0,0,0,0,0,0,0,0,0,0,0
36.0,0,0.19805055856704712,0,0,0,0,0,0,0,0,0,0,0,1000000000.0,0,0,0,0,0,0,0,0,0,0
36.0,0,0.19805055856704712,0,0,0,0,0,0,0,0,0,0,0,1000000000.0,0,0,0,0,0,0,0,0,0,0
36.2,0,0.19805055856704712,0,0,0,0,0,0,0,0,0,0,0,1000000000.0,0,0,0,0,0,0,0,0,0,0
36.2,0,0.19817039370536804,0,0,0,0,0,0,0,0,0,0,0,1000000000.0,0,0,0,0,0,0,0,0,0,0
36.4,0,-2.172215700149536,0,0,0,0,0,0,0,0,0,0,0,1000000000.0,0,0,0,0,0,0,0,0,0,0
36.4,0,-4.056319236755371,0,0,0,0,0,0,0,0,0,0,0,1000000000.0,0,0,0,0,0,0,0,0,0,0
36.6,0,-5.0,0,0,0,0,0,0,0,0,0,0,0,1000000000.0,0,0,0,0,0,0,0,0,0,0
36.6,0,-5.0,0,0,0,0,0,0,0,0,0,0,0,1000000000.0,0,0,0,0,0,0,0,0,0,0
36.8,0,-5.0,0,0,0,0,0,0,0,0,0,0,0,1000000000.0,0,0,0,0,0,0,0,0,0,0
36.8,0,-3.8035926818847656,0,0,0,0,0,0,0,0,0,0,0,1000000000.0,0,0,0,0,0,0,0,0,0,0
37.0,0,-0.37560850381851196,0,0,0,0,0,0,0,0,0,0,0,1000000000.0,0,0,0,0,0,0,0,0,0,0
37.0,0,-0.7017251253128052,0,0,0,0,0,0,0,0,0,0,0,1000000000.0,0,0,0,0,0,0,0,0,0,0
37.2,0,-0.6086075901985168,0,0,0,0,0,0,0,0,0,0,0,1000000000.0,0,0,0,0,0,0,0,0,0,0
37.2,0,-0.5839201807975769,0,0,0,0,0,0,0,0,0,0,0,1000000000.0,0,0,0,0,0,0,0,0,0,0
37.4,0,-0.5816431045532227,0,0,0,0,0,0,0,0,0,0,0,1000000000.0,0,0,0,0,0,0,0,0,0,0
37.4,0,-0.5811638236045837,0,0,0,0,0,0,0,0,0,0,0,1000000000.0,0,0,0,0,0,0,0,0,0,0
37.6,0,-0.5810438990592957,0,0,0,0,0,0,0,0,0,0,0,1000000000.0,0,0,0,0,0,0,0,0,0,0
37.6,0,-0.580564558506012,0,0,0,0,0,0,0,0,0,0,0,1000000000.0,0,0,0,0,0,0,0,0,0,0
37.8,0,-0.5802050232887268,0,0,0,0,0,0,0,0,0,0,0,1000000000.0,0,0,0,0,0,0,0,0,0,0
37.8,0,-0.5792463421821594,0,0,0,0,0,0,0,0,0,0,0,1000000000.0,0,0,0,0,0,0,0,0,0,0
38.0,0,-0.5763700604438782,0,0,0,0,0,0,0,0,0,0,0,1000000000.0,0,0,0,0,0,0,0,0,0,0
38.0,0,-0.5740931034088135,0,0,0,0,0,0,0,0,0,0,0,1000000000.0,0,0,0,0,0,0,0,0,0,0
38.2,0,-0.5625882148742676,0,0,0,0,0,0,0,0,0,0,0,1000000000.0,0,0,0,0,0,0,0,0,0,0
38.2,0,-0.5609104633331299,0,0,0,0,0,0,0,0,0,0,0,1000000000.0,0,0,0,0,0,0,0,0,0,0
38.4,0,-0.5585135817527771,0,0,0,0,0,0,0,0,0,0,0,1000000000.0,0,0,0,0,0,0,0,0,0,0
38.4,0,-0.5582739114761353,0,0,0,0,0,0,0,0,0,0,0,1000000000.0,0,0,0,0,0,0,0,0,0,0
38.6,0,-0.5580342411994934,0,0,0,0,0,0,0,0,0,0,0,1000000000.0,0,0,0,0,0,0,0,0,0,0
38.6,0,-0.5579143762588501,0,0,0,0,0,0,0,0,0,0,0,1000000000.0,0,0,0,0,0,0,0,0,0,0
38.8,0,-0.5575548410415649,0,0,0,0,0,0,0,0,0,0,0,1000000000.0,0,0,0,0,0,0,0,0,0,0
38.8,0,-0.5574350357055664,0,0,0,0,0,0,0,0,0,0,0,1000000000.0,0,0,0,0,0,0,0,0,0,0
39.0,0,-0.5574350357055664,0,0,0,0,0,0,0,0,0,0,0,1000000000.0,0,0,0,0,0,0,0,0,0,0
39.0,0,-0.5573151707649231,0,0,0,0,0,0,0,0,0,0,0,1000000000.0,0,0,0,0,0,0,0,0,0,0
39.2,0,-0.5574350357055664,0,0,0,0,0,0,0,0,0,0,0,1000000000.0,0,0,0,0,0,0,0,0,0,0
39.2,0,-0.5573151707649231,0,0,0,0,0,0,0,0,0,0,0,1000000000.0,0,0,0,0,0,0,0,0,0,0
39.4,0,-0.5571953058242798,0,0,0,0,0,0,0,0,0,0,0,1000000000.0,0,0,0,0,0,0,0,0,0,0
39.4,0,-0.5571953058242798,0,0,0,0,0,0,0,0,0,0,0,1000000000.0,0,0,0,0,0,0,0,0,0,0
39.6,0,-0.5576773881912231,0,0,0,0,0,0,0,0,0,0,0,1000000000.0,0,0,0,0,0,0,0,0,0,0
39.6,0,-0.5570755004882812,0,0,0,0,0,0,0,0,0,0,0,1000000000.0,0,0,0,0,0,0,0,0,0,0
39.8,0,-0.5569556355476379,0,0,0,0,0,0,0,0,0,0,0,1000000000.0,0,0,0,0,0,0,0,0,0,0
39.8,0,-0.5567159652709961,0,0,0,0,0,0,0,0,0,0,0,1000000000.0,0,0,0,0,0,0,0,0,0,0
40.0,0,-0.5565961003303528,0,0,0,0,0,0,0,0,0,0,0,1000000000.0,0,0,0,0,0,0,0,0,0,0
40.0,0,-0.5564762353897095,0,0,0,0,0,0,0,0,0,0,0,1000000000.0,0,0,0,0,0,0,0,0,0,0
40.2,0,-0.5563564300537109,0,0,0,0,0,0,0,0,0,0,0,1000000000.0,0,0,0,0,0,0,0,0,0,0
40.2,0,-0.5563564300537109,0,0,0,0,0,0,0,0,0,0,0,1000000000.0,0,0,0,0,0,0,0,0,0,0
40.4,0,-0.5562365651130676,0,0,0,0,0,0,0,0,0,0,0,1000000000.0,0,0,0,0,0,0,0,0,0,0
40.4,0,-0.5562365651130676,0,0,0,0,0,0,0,0,0,0,0,1000000000.0,0,0,0,0,0,0,0,0,0,0
40.6,0,-0.5562365651130676,0,0,0,0,0,0,0,0,0,0,0,1000000000.0,0,0,0,0,0,0,0,0,0,0
40.6,0,-0.5562365651130676,0,0,0,0,0,0,0,0,0,0,0,1000000000.0,0,0,0,0,0,0,0,0,0,0
40.8,0,-0.5561167597770691,0,0,0,0,0,0,0,0,0,0,0,1000000000.0,0,0,0,0,0,0,0,0,0,0
40.8,0,-0.5561167597770691,0,0,0,0,0,0,0,0,0,0,0,1000000000.0,0,0,0,0,0,0,0,0,0,0
41.0,0,-0.5561167597770691,0,0,0,0,0,0,0,0,0,0,0,1000000000.0,0,0,0,0,0,0,0,0,0,0
41.0,0,-0.5561167597770691,0,0,0,0,0,0,0,0,0,0,0,1000000000.0,0,0,0,0,0,0,0,0,0,0
41.2,0,-0.5561167597770691,0,0,0,0,0,0,0,0,0,0,0,1000000000.0,0,0,0,0,0,0,0,0,0,0
41.2,0,-0.5535505414009094,0,0,0,0,0,0,0,0,0,0,0,1000000000.0,0,0,0,0,0,0,0,0,0,0
41.4,0,-0.5559968948364258,0,0,0,0,0,0,0,0,0,0,0,1000000000.0,0,0,0,0,0,0,0,0,0,0
41.4,0,-0.5559968948364258,0,0,0,0,0,0,0,0,0,0,0,1000000000.0,0,0,0,0,0,0,0,0,0,0
41.6,0,-0.5559968948364258,0,0,0,0,0,0,0,0,0,0,0,1000000000.0,0,0,0,0,0,0,0,0,0,0
41.6,0,-0.5558770298957825,0,0,0,0,0,0,0,0,0,0,0,1000000000.0,0,0,0,0,0,0,0,0,0,0
41.8,0,-0.5559968948364258,0,0,0,0,0,0,0,0,0,0,0,1000000000.0,0,0,0,0,0,0,0,0,0,0
41.8,0,-0.5559968948364258,0,0,0,0,0,0,0,0,0,0,0,1000000000.0,0,0,0,0,0,0,0,0,0,0
42.0,0,-0.5559968948364258,0,0,0,0,0,0,0,0,0,0,0,1000000000.0,0,0,0,0,0,0,0,0,0,0
42.0,0,-0.5558770298957825,0,0,0,0,0,0,0,0,0,0,0,1000000000.0,0,0,0,0,0,0,0,0,0,0
42.2,0,-0.5559968948364258,0,0,0,0,0,0,0,0,0,0,0,1000000000.0,0,0,0,0,0,0,0,0,0,0
42.2,0,-0.5558770298957825,0,0,0,0,0,0,0,0,0,0,0,1000000000.0,0,0,0,0,0,0,0,0,0,0
42.4,0,-0.5558770298957825,0,0,0,0,0,0,0,0,0,0,0,1000000000.0,0,0,0,0,0,0,0,0,0,0
42.4,0,-0.5557572245597839,0,0,0,0,0,0,0,0,0,0,0,1000000000.0,0,0,0,0,0,0,0,0,0,0
42.6,0,-0.5557572245597839,0,0,0,0,0,0,0,0,0,0,0,1000000000.0,0,0,0,0,0,0,0,0,0,0
42.6,0,-0.5558770298957825,0,0,0,0,0,0,0,0,0,0,0,1000000000.0,0,0,0,0,0,0,0,0,0,0
42.8,0,-0.5558770298957825,0,0,0,0,0,0,0,0,0,0,0,1000000000.0,0,0,0,0,0,0,0,0,0,0
42.8,0,-0.5558770298957825,0,0,0,0,0,0,0,0,0,0,0,1000000000.0,0,0,0,0,0,0,0,0,0,0
43.0,0,-0.5558770298957825,0,0,0,0,0,0,0,0,0,0,0,1000000000.0,0,0,0,0,0,0,0,0,0,0
43.0,0,-0.5558770298957825,0,0,0,0,0,0,0,0,0,0,0,1000000000.0,0,0,0,0,0,0,0,0,0,0
43.2,0,-0.5558770298957825,0,0,0,0,0,0,0,0,0,0,0,1000000000.0,0,0,0,0,0,0,0,0,0,0
43.2,0,-0.5557572245597839,0,0,0,0,0,0,0,0,0,0,0,1000000000.0,0,0,0,0,0,0,0,0,0,0
43.4,0,-0.5558770298957825,0,0,0,0,0,0,0,0,0,0,0,1000000000.0,0,0,0,0,0,0,0,0,0,0
43.4,0,-0.5557572245597839,0,0,0,0,0,0,0,0,0,0,0,1000000000.0,0,0,0,0,0,0,0,0,0,0
43.6,0,-0.5557572245597839,0,0,0,0,0,0,0,0,0,0,0,1000000000.0,0,0,0,0,0,0,0,0,0,0
43.6,0,-0.5557572245597839,0,0,0,0,0,0,0,0,0,0,0,1000000000.0,0,0,0,0,0,0,0,0,0,0
43.8,0,-0.5557572245597839,0,0,0,0,0,0,0,0,0,0,0,1000000000.0,0,0,0,0,0,0,0,0,0,0
43.8,0,-0.5569818019866943,0,0,0,0,0,0,0,0,0,0,0,1000000000.0,0,0,0,0,0,0,0,0,0,0
44.0,0,-0.5553976893424988,0,0,0,0,0,0,0,0,0,0,0,1000000000.0,0,0,0,0,0,0,0,0,0,0
44.0,0,-0.5553976893424988,0,0,0,0,0,0,0,0,0,0,0,1000000000.0,0,0,0,0,0,0,0,0,0,0
44.2,0,-0.5553976893424988,0,0,0,0,0,0,0,0,0,0,0,1000000000.0,0,0,0,0,0,0,0,0,0,0
44.2,0,-0.5552778244018555,0,0,0,0,0,0,0,0,0,0,0,1000000000.0,0,0,0,0,0,0,0,0,0,0
44.4,0,-0.5553976893424988,0,0,0,0,0,0,0,0,0,0,0,1000000000.0,0,0,0,0,0,0,0,0,0,0
44.4,0,-0.5553976893424988,0,0,0,0,0,0,0,0,0,0,0,1000000000.0,0,0,0,0,0,0,0,0,0,0
44.6,0,-0.5552778244018555,0,0,0,0,0,0,0,0,0,0,0,1000000000.0,0,0,0,0,0,0,0,0,0,0
44.6,0,-0.5552778244018555,0,0,0,0,0,0,0,0,0,0,0,1000000000.0,0,0,0,0,0,0,0,0,0,0
44.8,0,-0.5553976893424988,0,0,0,0,0,0,0,0,0,0,0,1000000000.0,0,0,0,0,0,0,0,0,0,0
44.8,0,-0.5552778244018555,0,0,0,0,0,0,0,0,0,0,0,1000000000.0,0,0,0,0,0,0,0,0,0,0
45.0,0,-0.5553976893424988,0,0,0,0,0,0,0,0,0,0,0,1000000000.0,0,0,0,0,0,0,0,0,0,0
45.0,0,-0.5552778244018555,0,0,0,0,0,0,0,0,0,0,0,1000000000.0,0,0,0,0,0,0,0,0,0,0
45.2,0,-0.5553976893424988,0,0,0,0,0,0,0,0,0,0,0,1000000000.0,0,0,0,0,0,0,0,0,0,0
45.2,0,-0.5552778244018555,0,0,0,0,0,0,0,0,0,0,0,1000000000.0,0,0,0,0,0,0,0,0,0,0
45.4,0,-0.5552778244018555,0,0,0,0,0,0,0,0,0,0,0,1000000000.0,0,0,0,0,0,0,0,0,0,0
45.4,0,-0.5552778244018555,0,0,0,0,0,0,0,0,0,0,0,1000000000.0,0,0,0,0,0,0,0,0,0,0
45.6,0,-0.5552778244018555,0,0,0,0,0,0,0,0,0,0,0,1000000000.0,0,0,0,0,0,0,0,0,0,0
45.6,0,-0.5552778244018555,0,0,0,0,0,0,0,0,0,0,0,1000000000.0,0,0,0,0,0,0,0,0,0,0
45.8,0,-0.5552778244018555,0,0,0,0,0,0,0,0,0,0,0,1000000000.0,0,0,0,0,0,0,0,0,0,0
45.8,0,-0.5553976893424988,0,0,0,0,0,0,0,0,0,0,0,1000000000.0,0,0,0,0,0,0,0,0,0,0
46.0,0,-0.5552778244018555,0,0,0,0,0,0,0,0,0,0,0,1000000000.0,0,0,0,0,0,0,0,0,0,0
46.0,0,-0.5552778244018555,0,0,0,0,0,0,0,0,0,0,0,1000000000.0,0,0,0,0,0,0,0,0,0,0
46.2,0,-0.5551580190658569,0,0,0,0,0,0,0,0,0,0,0,1000000000.0,0,0,0,0,0,0,0,0,0,0
46.2,0,-0.5551580190658569,0,0,0,0,0,0,0,0,0,0,0,1000000000.0,0,0,0,0,0,0,0,0,0,0
46.4,0,-0.5551580190658569,0,0,0,0,0,0,0,0,0,0,0,1000000000.0,0,0,0,0,0,0,0,0,0,0
46.4,0,-0.5551580190658569,0,0,0,0,0,0,0,0,0,0,0,1000000000.0,0,0,0,0,0,0,0,0,0,0
46.6,0,-0.5551580190658569,0,0,0,0,0,0,0,0,0,0,0,1000000000.0,0,0,0,0,0,0,0,0,0,0
